comment_id,year_sentiment,year_sentiment_confidence,negativereason,negativereason_confidence,year,name,comment_count,text,comment_created,latitude,longitude
5.70306E+15,negative,1,Customer Service Issue,0.7033,2022,Dimon Dubrovski,0,"–£–∂–∞—Å–Ω–æ–µ –º–µ—Å—Ç–æ. –õ–∏—Ü–µ–º–µ—Ä–Ω—ã–µ —Å–æ—Ç—Ä—É–¥–Ω–∏–∫–∏ –∫–æ–ª–ª–µ–¥–∂–∞, –∫–æ—Ç–æ—Ä—ã–º –Ω–∞—á—Ö–∞—Ç—å –Ω–∞ —Å–≤–æ–∏—Ö –∂–µ –∞–±–∏—Ç—É—Ä–∏–µ–Ω—Ç–æ–≤",,53.89993,25.2962
5703061336777611,negative,0.3486,Customer Service Issue,1,2022,Slipa on yo mind ,0,"""–ù–µ–ø–ª–æ—Ö–æ, –Ω–æ –∑–∏–º–æ–π —Ö–æ–ª–æ–¥–Ω–æ. –í –æ–±—â–µ–∂–∏—Ç–∏–∏ —Å–ª–∏—à–∫–æ–º –º–Ω–æ–≥–æ —Ç–∞—Ä–∞–∫–∞–Ω–æ–≤.""",,53.89993,25.2962
5703061336777612,negative,0.6837,Customer Service Issue,0.6842,2022,_s.u.r.p.r.i.s.e__,0,"""@uo_ggkttid¬†–∫–∞–∫ –≥–æ–≤–æ—Ä–∏—Ç—Å—è, —á—Ç–æ –ø–æ—Å–µ–µ—à—å - —Ç–æ –∏ –ø–æ–∂–Ω—ë—à—å""",,53.89993,25.2962
5703061336777613,negative,1,Customer Service Issue,0.7033,2022,_s.u.r.p.r.i.s.e__,0,"""–ù—É, —ç—Ç–æ—Ç –¥–∏–ø–ª–æ–º –ø–æ –∂–∏–∑–Ω–∏ –º–Ω–æ–≥–æ –¥–∞—Å—Ç, —Ç–∞–∫ –∂–µ –∫–∞–∫ –∏ –¥–∏–ø–ª–æ–º –ø–æ—Å–ª–µ –∫–æ–ª–ª–µ–¥–∂–∞""",,53.89993,25.2962
5703061336777614,negative,1,Customer Service Issue,1,2022,_s.u.r.p.r.i.s.e__,0,"""–í –∫–æ–ª–ª–µ–¥–∂–µ, –ø–æ –æ–¥–Ω–æ–π –∏–∑ —Å–ø–µ—Ü–∏–∞–ª—å–Ω–æ—Å—Ç–µ–π, –æ–±—É—á–∞—é—Ç—Å—è –ø—Ä–æ–≥—Ä–∞–º–º–∏—Å—Ç—ã –≤ –Ω–∞–ø—Ä–∞–≤–ª–µ–Ω–∏–∏ ""–∫–æ–º–ø—å—é—Ç–µ—Ä–Ω–∞—è –≥—Ä–∞—Ñ–∏–∫–∞"", –ø–æ –≤–∞—à–∏–º —Ñ–æ—Ç–æ–≥—Ä–∞—Ñ–∏—è–º –∏ –Ω–µ —Å–∫–∞–∂–µ—à—å, –Ω–∞ Nokia 3310 —Ñ–æ—Ç–æ–≥—Ä–∞—Ñ–∏–∏ –ª—É—á—à–µ –ø–æ–ª—É—á–∞—é—Ç—Å—è""",,53.89993,25.2962
5703061336777615,negative,1,Customer Service Issue,0.6842,2022,_s.u.r.p.r.i.s.e__,0,"""–ö —Å–ª–æ–≤—É, –∫—Ç–æ —Ç–∞–∫–æ–π —Å–≤—è—Ç–æ–π –í–∞–ª–µ–Ω—Ç–∏–Ω –∏ —á—Ç–æ —Å –Ω–∏–º —Å—Ç–∞–ª–æ:–ê —Å–≤—è—Ç–æ–π –í–∞–ª–µ–Ω—Ç–∏–Ω –±—ã–ª –æ–±—ã—á–Ω—ã–º –ø–æ–ª–µ–≤—ã–º –≤—Ä–∞—á–æ–º –∏ —Å–≤—è—â–µ–Ω–Ω–∏–∫–æ–º, –∫–æ—Ç–æ—Ä—ã–π —Å–æ—á—É–≤—Å—Ç–≤–æ–≤–∞–ª –Ω–µ—Å—á–∞—Å—Ç–Ω—ã–º –≤–ª—é–±–ª—ë–Ω–Ω—ã–º –∏ —Ç–∞–π–∫–æ–º –æ—Ç –≤—Å–µ—Ö, –ø–æ–¥ –ø–æ–∫—Ä–æ–≤–æ–º –Ω–æ—á–∏ –æ—Å–≤—è—â–∞–ª –±—Ä–∞–∫ –ª—é–±—è—â–∏—Ö –º—É–∂—á–∏–Ω –∏ –∂–µ–Ω—â–∏–Ω. –í—Å–∫–æ—Ä–µ –¥–µ—è—Ç–µ–ª—å–Ω–æ—Å—Ç—å —Å–≤—è—Ç–æ–≥–æ –í–∞–ª–µ–Ω—Ç–∏–Ω–∞ —Å—Ç–∞–ª–∞ –∏–∑–≤–µ—Å—Ç–Ω–∞ –≤–ª–∞—Å—Ç—è–º, –∏ –µ–≥–æ –ø–æ—Å–∞–¥–∏–ª–∏ –≤ —Ç–µ–º–Ω–∏—Ü—É, –ø—Ä–∏–≥–æ–≤–æ—Ä–∏–≤ –∫ —Å–º–µ—Ä—Ç–Ω–æ–π –∫–∞–∑–Ω–∏. (–ø–æ –º–æ–µ–º—É –º–Ω–µ–Ω–∏—é, –∫–æ–≥–¥–∞ —Ä–µ—á—å –∏–¥—ë—Ç –æ —Å–º–µ—Ä—Ç–∏, –ª—é–¥–∏ —Å–∫–æ—Ä–±—è—Ç, –∞ –Ω–µ —Ä–∞–¥—É—é—Ç—Å—è –∫–∞–∫ –≤—ã)""",,53.89993,25.2962
5703061336777616,negative,0.6745,Customer Service Issue,0.7033,2022,_s.u.r.p.r.i.s.e__,0,"""–ü–æ—á–µ–º—É –∞–¥–º–∏–Ω–∏—Å—Ç—Ä–∞—Ü–∏—è –∫–æ–ª–ª–µ–¥–∂–∞ –±–µ–∑ –º–∞—Å–æ–∫? –ù–∞ –≤—Ö–æ–¥–µ –≤ –∫–æ–ª–ª–µ–¥–∂ –≤–∏—Å–∏—Ç –Ω–∞–¥–ø–∏—Å—å –≤–≤–µ–¥—ë–Ω –æ–±—è–∑–∞—Ç–µ–ª—å–Ω—ã–π –º–∞—Å–æ—á–Ω—ã–π —Ä–µ–∂–∏–º?""",,53.89993,25.2962
5703061336777617,negative,0.634,Customer Service Issue,1,2022,_s.u.r.p.r.i.s.e__,0,"""–ú–∞—Å–æ—á–Ω—ã–π —Ä–µ–∂–∏–º –≤ –∫–æ–ª–ª–µ–¥–∂–µ —É–∂–µ –æ—Ç–º–µ—Ç–∏–ª–∏? –ê –ø–æ—á–µ–º—É –Ω–∞–¥–ø–∏—Å—å –Ω–∞ –¥–≤–µ—Ä–∏ –¥–æ —Å–∏—Ö –ø–æ—Ä –≤–∏—Å–∏—Ç? –ö—É–¥–∞ —Å–º–æ—Ç—Ä–∏—Ç –∞–¥–º–∏–Ω–∏—Å—Ç—Ä–∞—Ü–∏—è –∫–æ–ª–ª–µ–¥–∂–∞""",,53.89993,25.2962
5703061336777618,negative,0.6559,Customer Service Issue,0.6842,2022,yan0303v_,0,"""–Ø —Å–æ–∂–∞–ª–µ—é –æ —Ç–æ–º —á—Ç–æ –æ–ø—è—Ç—å —É–≤–∏–¥–µ–ª —Ç–æ —á—Ç–æ –Ω–µ–∫–æ—Ç–æ—Ä—ã–µ –ª—é–¥–∏ –æ—à–∏–±–∞—é—Ç—Å—è –≤ —Å–≤–æ–∏—Ö —Ä–µ—à–µ–Ω–∏—è—Ö –Ω–∞—à–∏ –¥–µ–≤–æ—á–∫–∏ 13 —ç–æ –±—ã–ª–∏ –∏ –≤—Å–µ–≥–¥–∞ –±—É–¥—É –ª—É—á—à–µ –≤—Å–µ—Ö . 13 —ç–æ –µ—â—ë –ø–æ–∫–∞–∂–µ—Ç —á—Ç–æ –º–æ–∂–µ—Ç . –°–ø–∞—Å–∏–±–æ –∑–∞ –≤–Ω–∏–º–∞–Ω–∏—è""",,53.89993,25.2962
5703061336777619,positive,1,,,2022,uo_ggkttid,0,"""@_s.u.r.p.r.i.s.e__¬†–º–æ–ª–æ–¥–µ—Ü, —á—Ç–æ –∑–∞–º–µ—Ç–∏–ª –í–∏–∫—Ç–æ—Ä! –•–æ—Ä–æ—à–æ, —á—Ç–æ —Å —Ç–æ–±–æ–π –∑–Ω–∞–∫–æ–º–∏—Ç—å—Å—è –Ω–µ –Ω—É–∂–Ω–æ –≤–Ω–æ–≤—å, –Ω–µ –º–µ–Ω—è–µ—à—å—Å—è!""",,53.89993,25.2962
5.70306E+15,positive,0.6769,,,2022,_skiffff_,0,"""–í–∞–∞–∞–π, –∫–∞–∫–∏–µ –∫—Ä–∞—Å–æ—Ç–∫–∏ üòç""",,53.89993,25.2962
5703061336777621,positive,1,,,2022,_alexandr.sayko_,0,–ü–æ–¥–Ω—è–ª—Å—è,,53.89993,25.2962
5703061336777622,positive,1,,,2022,tyoma_ryzhik51,0,"""–ö–∞–∫–∏–µ –∂–µ –∫—Ä–∞—Å–∞–≤—Ü—ã, –∞üòç""",,52.05873,23.7139
5703061336777623,positive,0.6451,,,2022,liliyakurilenok,0,"""üëèüëèüëèüëè–ú–æ–ª–æ–¥—Ü—ã. –°–µ—Ä—å—ë–∑–Ω–∞—è –Ω–∞–≥—Ä–∞–¥–∞.""",,52.05873,23.7139
5703061336777624,positive,1,,,2022,elenalesko1802,0,üëèüëèüëè–º–æ–ª–æ–¥—Ü—ãüî•,,52.05873,23.7139
5703061336777625,positive,0.6842,,,2022,_s.u.r.p.r.i.s.e__,0,–ê—Ä–º–∏—è - —ç—Ç–æ –∫—Ä—É—Ç–æ!,,52.05873,23.7139
5703061336777626,positive,1,,,2022,bezmen3,0,‚ù§Ô∏è‚ù§Ô∏è‚ù§Ô∏è‚ù§Ô∏è‚ù§Ô∏èüî•üî•üî•üî•‚ù§Ô∏è,,52.05873,23.7139
5703061336777627,positive,0.6931,,,2022,elena.gavrosh,0,–£–¥–∞—á–∏ –≤–∞–º!!!üî•,,52.05873,23.7139
5703061336777628,positive,1,,,2022,elenalesko1802,1,üëèüëèüëèüëèüëè–ú–û–õ–û–î–¶–´,,52.05873,23.7139
5703061336777629,positive,0.3486,,,2022,kseniia_glod,0,–ú–æ–ª–æ–¥—Ü—ã!,,52.05873,23.7139
5.70306E+15,positive,0.6837,,,2022,_s.u.r.p.r.i.s.e__,0,"""–£—Ö —Ç—ã, –≤–∞—É, —Ä–∞–¥ —á—Ç–æ –ø—Ä–æ–≤–æ–¥—è—Ç—Å—è —Ç–∞–∫–∏–µ –ø–æ–ª–µ–∑–Ω—ã–µ –º–µ—Ä–æ–ø—Ä–∏—è—Ç–∏—è""",,52.05873,23.7139
5703061336777631,positive,1,,,2022,marakas73,0,–ß–µ–ª —Å–ø—Ä–∞–≤–∞ —Ö–∞—Ä–æ—à,,52.05873,23.7139
5703061336777632,positive,1,,,2022,marticrom,0,üëèüî•,,52.05873,23.7139
5703061336777633,positive,1,,,2022,alinval87,0,üî•üëè‚ù§Ô∏è,,52.05873,23.7139
5703061336777634,positive,0.6745,,,2022,_s.u.r.p.r.i.s.e__,0,"""–í–∞–∞–∞—É, –∫–ª–∞—Å—Å–Ω–æ, –∫–ª–∞—Å—Å–Ω–æ, —Å–∫–æ–ª—å–∫–æ –∂–µ –ø–æ–ª—å–∑—ã –æ—Ç —ç—Ç–æ–≥–æ –º–Ω–æ–≥–æ, –º–∞–∫—Å–∏–º–∞–ª—å–Ω–æ –ø–æ–ª–µ–∑–Ω–∞—è –Ω–µ–¥–µ–ª—è –∏ –º–∞–∫—Å–∏–º–∞–ª—å–Ω–æ –ø–æ–ª–µ–∑–Ω–æ–µ –≤–∏–¥–µ–æ""",,52.0233,24.342715
5703061336777635,positive,0.634,,,2022,alinval87,0,‚ù§Ô∏è‚ù§Ô∏è‚ù§Ô∏è,,52.0233,24.342715
5703061336777636,positive,0.6559,,,2022,schizik_men,0,"""–•–∞—Ä–æ—à, –ö—É–¥—Ä–∏–∫""",,52.0233,24.342715
5703061336777637,positive,1,,,2022,mk.qqq,0,–¥–µ–Ω—á–∏–∫ üò≥üòçüòçüòçüòç,,52.147724,25.512518
5703061336777638,positive,0.6769,,,2022,marakas73,0,–ß–µ–ª —Å–ª–µ–≤–∞ –º–µ–≥–∞—Ö–∞—Ä–æ—à,,52.147724,25.512518
5703061336777639,positive,1,,,2022,uo_ggkttid,0,‚ù§Ô∏è‚ù§Ô∏è‚ù§Ô∏è,,52.147724,25.512518
5.70306E+15,positive,1,,,2022,olya.sapon,0,üëè,,52.147724,25.512518
5703061336777641,positive,0.6451,,,2022,n.a.t.alia_v,0,üôåüôåüôå,,52.147724,25.512518
5703061336777642,positive,1,,,2022,justbeaver3,0,–° 8 –º–∞—Ä—Ç–æ–º,,53.771395,26.19983
5703061336777643,positive,0.6842,,,2022,goshka_18,0,–ø—á–µ–ª–∞ –≤–∞—Éüòªüòªüòª,,53.771395,26.19983
5703061336777644,positive,1,,,2022,elenalesko1802,0,"""üëèüëèüëè–ø–æ–∑–¥—Ä–∞–≤–ª—è—é, –ï–ª–µ–Ω–∞ –ê–ª–µ–∫—Å–∞–Ω–¥—Ä–æ–≤–Ω–∞ ‚ù§Ô∏è‚ù§Ô∏è‚ù§Ô∏è""",,53.771395,26.19983
5703061336777645,positive,0.6931,,,2022,maxon_boy,0,üî•üëè,,53.771395,26.19983
5703061336777646,positive,1,,,2022,__arinnss_,0,üòÇüòÇ,,53.771395,26.19983
5703061336777647,positive,0.3486,,,2022,__arinnss_,0,üòÇ,,53.409532,24.54895
5703061336777648,positive,0.6837,,,2022,__arinnss_,0,üòÇ,,53.409532,24.54895
5703061336777649,positive,1,,,2022,__arinnss_,0,üòÇ,,53.409532,24.54895
5.70306E+15,positive,1,,,2022,__arinnss_,0,üòÇ,,53.409532,24.54895
5703061336777651,positive,1,,,2022,__arinnss_,0,üòÇ,,53.409532,24.54895
5703061336777652,positive,0.6745,,,2022,__arinnss_,0,üòÇ,,53.409532,24.54895
5703061336777653,positive,0.634,,,2022,__arinnss_,0,üòÇ,,53.409532,24.54895
5703061336777654,positive,0.6559,,,2022,__arinnss_,0,üòÇ,,53.148418,24.820862
5703061336777655,positive,1,,,2022,__arinnss_,1,üòÇüòÇüòÇ,,53.148418,24.820862
5703061336777656,positive,0.6769,,,2022,n.a.t.alia_v,0,üòç,,53.148418,24.820862
5703061336777657,positive,1,,,2022,slizhevskaiai,0,–ù–∏ –ø—É—Ö–∞ –Ω–∏ –ø–µ—Ä–∞ –¥–æ—Ä–æ–≥–∏–µ!,,53.148418,24.820862
5703061336777658,positive,1,,,2022,slizhevskaiai,0,"""–î–µ—Ä–∂–∏–º –∫—É–ª–∞—á–∫–∏ –∑–∞ –≤—Å–µ—Ö, –æ—Å—Ç–∞–ª–æ—Å—å –µ—â—ë –¥–≤–∞ –¥–Ω—è!!!""",,53.148418,24.820862
5703061336777659,positive,0.6451,,,2022,n.a.t.alia_v,0,üëèüëèüëè,,53.148418,24.820862
5.70306E+15,positive,1,,,2022,slizhevskaiai,0,–£–¥–∞—á–∏,,53.148418,24.820862
5703061336777661,positive,0.6842,,,2022,elenalesko1802,0,üëèüëèüëè–£–º–Ω–∏—Ü—ã‚ù§Ô∏è,,52.546296,24.988403
5703061336777662,positive,1,,,2022,slizhevskaiai,0,"""–°–∞–º—ã–π –ª—É—á—à–∏–π –∫—É—Ä–∞—Ç–æ—Ä, –∫–æ—Ç–æ—Ä—ã–π —Å —Ä–µ–±—è—Ç–∞–º–∏ –ø–µ—Ä–µ–∂–∏–≤–∞–ª —Å –¥–µ—Ç—å–º–∏ —Å–∞–º—ã–µ –∑–Ω–∞—á–∏–º—ã–µ –¥–ª—è –Ω–∏—Ö –º–æ–º–µ–Ω—Ç—ã. –ü—É—Å—Ç—å –≤—Å–µ –ø–æ–ª—É—á–∏—Ç—Å—è —É —Ä–µ–±—è—Ç –∏ —à–∏—Ä–æ–∫–æ–π –∏ —Ä–æ–≤–Ω–æ–π –¥–æ—Ä–æ–≥–∏ –∏–º!""",,52.546296,24.988403
5703061336777663,positive,0.6931,,,2022,elenalesko1802,0,–í –¥–æ–±—Ä—ã–π –ø—É—Ç—å‚ù§Ô∏è‚ù§Ô∏è‚ù§Ô∏è,,52.546296,24.988403
5703061336777664,positive,1,,,2022,annakurishko_,0,"""–õ—é–¥–º–∏–ª–∞ –ê–ª–µ–∫—Å–∞–Ω–¥—Ä–æ–≤–Ω–∞, –í—ã —Å—Ç–∞–ª–∏ —Ä–æ–¥–Ω—ã–º —á–µ–ª–æ–≤–µ–∫–æ–º –Ω–µ —Ç–æ–ª—å–∫–æ –¥–ª—è –Ω–∞—à–∏—Ö –¥–µ—Ç–µ–π, –Ω–æ –∏ –¥–ª—è –Ω–∞—Å. –í–º–µ—Å—Ç–µ –º—ã –ø—Ä–æ–≤–µ–ª–∏ –Ω–µ –æ–¥–Ω–æ —Ä–æ–¥–∏—Ç–µ–ª—å—Å–∫–æ–µ —Å–æ–±—Ä–∞–Ω–∏–µ, —É—Å—Ç—Ä–æ–∏–ª–∏ –º–Ω–æ–∂–µ—Å—Ç–≤–æ –º–µ—Ä–æ–ø—Ä–∏—è—Ç–∏–π. –ë–µ–∑ –≤–∞—à–∏—Ö –æ—Ä–≥–∞–Ω–∏–∑–∞—Ü–∏–æ–Ω–Ω—ã—Ö —Å–ø–æ—Å–æ–±–Ω–æ—Å—Ç–µ–π –∏ –¥–∏–ø–ª–æ–º–∞—Ç–∏—á–µ—Å–∫–∏—Ö —Ç–∞–ª–∞–Ω—Ç–æ–≤ –º—ã –±—ã –Ω–µ –æ–±–æ—à–ª–∏—Å—å. –ò —Å–µ–≥–æ–¥–Ω—è –º—ã —Ö–æ—Ç–∏–º —Å–∫–∞–∑–∞—Ç—å –≤–∞–º: ¬´–°–ø–∞—Å–∏–±–æ!¬ª. –°–ø–∞—Å–∏–±–æ –∑–∞ –≤–∞—à—É –º—É–¥—Ä–æ—Å—Ç—å, –¥–æ–±—Ä–æ—Ç—É –∏ —á–µ–ª–æ–≤–µ—á–Ω–æ—Å—Ç—å. –ó–∞ –≤–∞—à–∏ –Ω–∞–≤—ã–∫–∏ –∏ –∑–Ω–∞–Ω–∏—è. –ó–∞ –ª—é–±–æ–≤—å –∏ —Ç–µ–ø–ª–æ, –∫–æ—Ç–æ—Ä—ã–µ –≤—ã, ¬´–∫–ª–∞—Å—Å–Ω–∞—è –º–∞–º–∞¬ª, –≤—Å–µ —ç—Ç–∏ –≥–æ–¥—ã –¥–∞—Ä–∏–ª–∏ –Ω–∞—à–∏–º –¥–µ—Ç—è–º.""",,52.546296,24.988403
5703061336777665,positive,0.3486,,,2022,group_8mktt,0,‚ù§Ô∏è,,52.546296,24.988403
5703061336777666,positive,0.6837,,,2022,elenaprokhorova1323,0,"""–£—Ç—Ä–æ –ø–æ–∑–∏—Ç–∏–≤–Ω–æ–µ, —É–¥–∞–ª–æ—Å—å! –î–µ–≤—á–æ–Ω–∫–∏ –º–æ–ª–æ–¥—Ü—ã!!!""",,52.546296,24.988403
5703061336777667,positive,1,,,2022,pitonyych,0,"""–æ—á–µ–Ω—å —Ç—Ä–æ–Ω—É–ª–æ –º–Ω–µ–Ω–∏–µ –Ω–∞—à–µ–≥–æ –¥–µ–ø—É—Ç–∞—Ç–∞ –Ω–∞ –¥–∞–Ω–Ω—É—é —Ç–µ–º—É, –ø–æ—ç—Ç–æ–º—É –º–Ω–µ –∑–∞—Ö–æ—Ç–µ–ª–æ—Å—å –≤—ã—Ä–∞–∑–∏—Ç—å —Å–≤–æ–∏ —Ç–æ—á–∫—É –∑—Ä–µ–Ω–∏—è –Ω–∞ —ç—Ç–æ—Ç —Å—á—ë—Ç. –î–ª—è –º–µ–Ω—è —Å–º—ã—Å–ª –∂–∏–∑–Ω–∏ –≤ –ø–æ–∑–Ω–∞–Ω–∏–∏ –Ω–æ–≤—ã—Ö –≤–µ—â–µ–π, –Ω–æ–≤—ã—Ö –∑–Ω–∞–∫–æ–º—Å—Ç–≤–∞—Ö —Å –∏–Ω—Ç–µ—Ä–µ—Å–Ω—ã–º–∏, —É–º–Ω—ã–º–∏ –ª—é–¥—å–º–∏, –≤ –¥–æ—Å—Ç–∏–∂–µ–Ω–∏–∏ —Å–≤–æ–∏—Ö —Ü–µ–ª–µ–π ( –ø—Ä—è–º–æ —Å–µ–π—á–∞—Å –º–æ—è —Ü–µ–ª—å –≤—ã–π—Ç–∏ –≤ —Ç–æ–ø –ë–µ–ª–∞—Ä—É—Å–∏ –ø–æ brawl stars), –∞ —Ç–∞–∫ –∂–µ –Ω–∞–π—Ç–∏ –∏ –æ—Å—É—â–µ—Å—Ç–≤–∏—Ç—å —Å–≤–æ—é –º–µ—á—Ç—É. –ú–æ—è –º–µ—á—Ç–∞ - –Ω–∞–π—Ç–∏ —Å–≤–æ–µ –ø—Ä–∏–∑–≤–∞–Ω–∏–µ –≤ –∂–∏–∑–Ω–∏, –∏ –æ—Å—É—â–µ—Å—Ç–≤–∏—Ç—å –µ–µ –∫–∞–∫ –º–æ–∂–Ω–æ –±—ã—Å—Ç—Ä–µ–µ. –Ø —Å—á–∏—Ç–∞—é, —á—Ç–æ –ø—Ä—è–º–æ —Å–µ–π—á–∞—Å —è –∏–¥—É –ø–æ –ø—Ä–∞–≤–∏–ª—å–Ω–æ–º—É –ø—É—Ç–∏, –∂–µ–ª–∞—é –≤—Å–µ–º —É–¥–∞—á–∏ –≤ –¥–æ—Å—Ç–∏–∂–µ–Ω–∏–∏ —Å–≤–æ–∏—Ö —Ü–µ–ª–µ–π –∏ –Ω–∞—Ö–æ–∂–¥–µ–Ω–∏—è —Å–≤–æ–µ–≥–æ –ø—Ä–∏–∑–≤–∞–Ω–∏—è –≤ –∂–∏–∑–Ω–∏!""",,52.546296,24.988403
5703061336777668,positive,1,,,2022,tatsiana_zhukowskaya,0,üëèüëèüëèüëèüëè,,53.13888,26.02288
5703061336777669,positive,1,,,2022,x.post.blogs.8,0,"""–ù–∞–ø–∏—à–∏—Ç–µ –ø–æ–∂–∞–ª—É–π—Å—Ç–∞üë®‚Äçüë©‚Äçüëß‚Äçüë¶ –Ω–∞–º –≤ –¥–∏—Ä–µ–∫—Ç, —Ö–æ—Ç–∏–º –≤—ã–ª–æ–∂–∏—Ç—å —É –Ω–∞—Å, –≤–∞—à –ø–æ—Å—Ç, —Å –æ—Ç–º–µ—Ç–∫–æ–π –≤–∞—à–µ–≥–æ –∞–∫–∫–∞—É–Ω—Ç–∞, –æ—á–µ–Ω—å –ø–æ–Ω—Ä–∞–≤–∏–ª—Å—è‚ù§Ô∏è‚ù§Ô∏è‚ù§Ô∏è""",,53.13888,26.02288
5.70306E+15,positive,0.6745,,,2022,elenalesko1802,0,–•–æ—á—Éüëèüëèüëè–æ—Å—Ç–∞–≤—å—Ç–µ –º–Ω–µüòç,,53.13888,26.02288
5703061336777671,positive,0.634,,,2022,ludmila.d785,0,‚ù§Ô∏è,,53.13888,26.02288
5703061336777672,positive,0.6559,,,2022,pitonyych,0,"""–¥–∞–Ω–Ω—ã–π –±–∞—Ç–ª –ø–æ—Ä–∞–∑–∏–ª –º–µ–Ω—è –¥–æ –≥–ª—É–±–∏–Ω—ã –¥—É—à–∏, –º–Ω–æ–≥–æ —Ä–∞–∑–Ω—ã—Ö –∫–æ–º–∞–Ω–¥, –∏–¥–µ–π, —Å–æ—Ä–µ–≤–Ω–æ–≤–∞—Ç–µ–ª—å–Ω—ã–π –¥—É—Ö‚Ä¶ —Å—Ç–æ–ª—å–∫–æ —Å–≤–µ—Ç–ª—ã—Ö, —É–º–Ω—ã—Ö, —Ä–∞–¥–æ—Å—Ç–Ω—ã—Ö –ª—é–¥–µ–π. –ù–æ –±–æ–ª—å—à–µ –≤—Å–µ—Ö –º–µ–Ω—è –ø–æ—Ä–∞–∑–∏–ª —Ç–∞–Ω–µ—Ü –ª—É—á—à–µ–π –≥—Ä—É–ø–ø—ã –≤ —ç—Ç–æ–º –∫–æ–ª–ª–µ–¥–∂–µ - 13–≠–û –æ–¥–∏–Ω–∞–∫–æ–≤—ã–π —Å—Ç–∏–ª—å, –∏–¥–µ–∞–ª—å–Ω–æ –ø–æ–¥–æ–±—Ä–∞–Ω–Ω–∞—è —Ü–≤–µ—Ç–æ–≤–∞—è –≥–∞–º–º–∞, –∫—Ä–∞—Å–∏–≤—ã–µ –¥–µ–≤—É—à–∫–∏. –ö —Å–æ–∂–∞–ª–µ–Ω–∏—é, —Å—É–¥—å–∏ –ø—Ä–µ–¥–ø–æ—á–ª–∏ –¥—Ä—É–≥–∏—Ö –∫–∞–Ω–¥–∏–¥–∞—Ç–æ–≤, –Ω–æ –Ω–∞—à–∞ –≥—Ä—É–ø–ø–∞ –Ω–µ –æ—Ç—á–∞–∏–≤–∞–µ—Ç—Å—è –∏ –±—É–¥–µ—Ç —Å—Ç–∞—Ä–∞—Ç—å—Å—è –ø–æ—Ä–∞–∑–∏—Ç—å –≤—Å–µ—Ö –≤–∞—Å –Ω–∞ –¥—Ä—É–≥–∏—Ö –∫–æ–Ω–∫—É—Ä—Å–∞—Ö. –í—Å–µ–º —Ç–≤–æ—Ä—á–µ—Å–∫–∏—Ö —É—Å–ø–µ—Ö–æ–≤!!""",,53.13888,26.02288
5703061336777673,positive,1,,,2022,pitonyych,0,"""@yan0303v_¬†–ø–æ–ª–Ω–æ—Å—Ç—å—é –ø–æ–¥–¥–µ—Ä–∂–∏–≤–∞—é –∏ –¥–æ–±–∞–≤–∏—Ç—å –º–Ω–µ –Ω–µ—á–µ–≥–æ, —Å–∫–∞–∑–∞–ª –∫–∞–∫ –æ—Ç—Ä–µ–∑–∞–ª!""",,53.13888,26.02288
5703061336777674,positive,0.6769,,,2022,_angelikvew,0,@yan0303v_ –ª—É—á—à–∏–π üòç,,53.13888,26.02288
5703061336777675,positive,1,,,2022,uo_ggkttid,0,"""@olgauldinovich¬†–ó–¥—Ä–∞–≤—Å—Ç–≤—É–π—Ç–µ, –¥–∞ –±—É–¥–µ—Ç. –ü—Ä–æ—Ö–æ–¥–∏—Ç –∫–∞–∂–¥—É—é —Ç—Ä–µ—Ç—å—é —Å—É–±–±–æ—Ç—É –º–µ—Å—è—Ü–∞. –ê –≤–æ–æ–±—â–µ, —Å–ª–µ–¥–∏—Ç–µ –∑–∞ –∏–Ω—Ñ–æ—Ä–º–∞—Ü–∏–µ–π –≤ –Ω–∞—à–∏—Ö —Å–æ—Ü–∏–∞–ª—å–Ω—ã—Ö —Å–µ—Ç—è—Ö –∏ –Ω–∞ —Å–∞–π—Ç–µ, —Ç–∞–∫ –∫–∞–∫ –±—ã–≤–∞—é—Ç –≤–Ω–µ–ø–ª–∞–Ω–æ–≤—ã–µ üòä. –ü—Ä–∏—Ö–æ–¥–∏—Ç–µ, –±—É–¥–µ–º —Ä–∞–¥—ã!""",,53.03921,27.56792
5703061336777676,positive,1,,,2022,alena.mazheika,0,31—Ç–ø - –º–æ–ª–æ–¥—Ü—ãüëèüëèüëè,,53.03921,27.56792
5703061336777677,positive,0.6451,,,2022,alenadumanetskaia,0,"""üôå –ü–æ–∑–¥—Ä–∞–≤–ª—è—é –≤–µ—Å—å –≤–∞—à –∫–æ–ª–ª–µ–∫—Ç–∏–≤, –≤—ã –ª—É—á—à–∏–µ!!!""",,53.03921,27.56792
5703061336777678,positive,1,,,2022,elenalesko1802,0,üî•üî•üî•–≤—ã-–ª—É—á—à–∏–µüëèüëèüëè,,53.03921,27.56792
5703061336777679,positive,0.6842,,,2022,elenalesko1802,0,–ü—É—Å—Ç—å –ø–∞–º—è—Ç—å –æ –í–µ–ª–∏–∫–æ–π –ü–æ–±–µ–¥–µ –Ω–∞–≤—Å–µ–≥–¥–∞ –æ—Å—Ç–∞–Ω–µ—Ç—Å—è –≤ –Ω–∞—à–∏—Ö —Å–µ—Ä–¥—Ü–∞ ‚ù§Ô∏è‚ù§Ô∏è‚ù§Ô∏è –° –î–Ω—ë–º –ü–æ–±–µ–¥—ã!!! –ë—É–¥–µ–º –∂–∏—Ç—å üíØüíØüíØ,,53.03921,27.56792
5.70306E+15,positive,1,,,2022,uo_ggkttid,0,üëèüëèüëè,,53.03921,27.56792
5703061336777681,positive,0.6931,,,2022,gkrupkevich,0,–ú–æ–ª–æ–¥—Ü—ã —Ä–µ–±—è—Ç–∞ üëèüëèüëè,,53.03921,27.56792
5703061336777682,positive,1,,,2022,sozonenkoolga,1,"""–°–ø–∞—Å–∏–±–æ –≤—Å–µ–º –∑–∞ —Ä–∞–±–æ—Ç—É,–∑–∞ –ø–∞–º—è—Ç—å.""",,52.79549,27.55441
5703061336777683,positive,0.3486,,,2022,taniabeznosik57,0,–ü–æ–∑–¥—Ä–∞–≤–ª—è—é!,,52.79549,27.55441
5703061336777684,positive,0.6837,,,2022,firmleee,0,—è —Ç–∞–∫–∂–µ –∑–Ω–∞—é)üòç,,52.79549,27.55441
5703061336777685,positive,1,,,2022,karinavolotkevic4,0,–ò —è –∑–Ω–∞—é!üòç,,52.79549,27.55441
5703061336777686,positive,1,,,2022,uo_ggkttid,0,–ö—Ç–æ –µ—â—ë –∑–Ω–∞–µ—Ç?üòç,,52.79549,27.55441
5703061336777687,positive,1,,,2022,firmleee,0,—è —Ç–∞–∫–∂–µ –∑–Ω–∞—é)üòç,,52.79549,27.55441
5703061336777688,positive,0.6745,,,2022,karinavolotkevic4,0,–ò —è –∑–Ω–∞—é!üòç,,52.79549,27.55441
5703061336777689,positive,0.634,,,2022,elenalesko1802,0,–ó–Ω–∞—éüòç,,52.79549,27.55441
5.70306E+15,neutral,0.6559,,,2022,_s.u.r.p.r.i.s.e__,0,"""–°–∫–æ–ª—å–∫–æ –ª–µ—Ç —É—á–∏–ª—Å—è –∞ —é–ª–±–∞—Ä–∏—Å–æ–≤–∞ –º–∞–∫—Å–∏–º–∞ –Ω–µ –∑–Ω–∞—é. –ü–æ–∑–Ω–∞–∫–æ–º–∏—Ç–µ?""",,52.106505,26.125488
5703061336777691,neutral,1,,,2022,olgauldinovich,0,–ó–¥—Ä–∞–≤—Å—Ç–≤—É–π—Ç–µ! –ë—É–¥–µ—Ç –ª–∏ –µ—â—ë –≤ –∫–æ–ª–ª–µ–¥–∂–µ –¥–µ–Ω—å –æ—Ç–∫—Ä—ã—Ç—ã—Ö –¥–≤–µ—Ä–µ–π?,,52.106505,26.125488
5703061336777692,neutral,0.6769,,,2022,arina_cejdlica89,0,"–ú–Ω–µ –Ω—Ä–∞–≤–∏—Ç—Å—è –æ—Ñ–æ—Ä–º–ª–µ–Ω–∏–µ –≤–∞—à–µ–≥–æ —Å—Ç—Ä–∞–Ω–∏—á–∫–∏, –Ω–∞—Ä–æ–¥—É –±—ã –ø–æ-–±–æ–ª—å—à–µ —Å—é–¥–∞ –µ—â–µ. –ï—Å—Ç—å —Ç—É—Ç –æ–¥–Ω–∞ —Å–ø–µ—Ü–∏–∞–ª–∏—Å—Ç–∫–∞ –ê–Ω–Ω–∞ –ö–µ—Ñ–º–∞–Ω –æ–Ω–∞ –∫–∞–∫ —Ä–∞–∑ –Ω–∞ –ø—Ä–∏–≤–ª–µ—á–µ–Ω–∏–∏ –Ω–∞—Ä–æ–¥–∞ —Å–ø–µ—Ü–∏–∞–ª–∏–∑–∏—Ä—É–µ—Ç—Å—è, —Ç–æ–ª—å–∫–æ –Ω–∞–ø–∏—à–∏—Ç–µ –µ–π —Å–µ–π—á–∞—Å, —á—Ç–æ –≤—ã –æ—Ç –º–µ–Ω—è",,52.106505,26.125488
5703061336777693,neutral,1,,,2022,xomyak_v_minecrafte ,0,–ë—É–±–≠–Ω –≤ –∫–∞–¥—Ä –ø–æ–ø–∞–ª,,52.106505,26.125488
5703061336777694,neutral,1,,,2022,_cutein_,0,–ö –∫–∞–∫–æ–π –∑–∞–≤—Ç—Ä–∞ –ø–∞—Ä–µ?,,52.106505,26.125488
5703061336777695,positive,0.6451,,,2020,neson.anna,0,"""–ü–æ–∑–¥—Ä–∞–≤–ª—è—é! –ß–µ–º–ø–∏–æ–Ω—ã, —É–¥–∞—á–∏ –≤–∞–ºüëç""",2015-02-24 11:35:52 -0800,52.106505,26.125488
5.70301E+17,positive,1,,0,2020,neson.anna,0,‚ù§Ô∏è‚ù§Ô∏è‚ù§Ô∏è,2015-02-24 17:15:59 -0800,52.106505,26.125488
5.70301E+17,positive,0.6842,,,2020,n.a.t.alia_v,0,üî•üî•üî•üî•üî•,2015-02-24 16:15:48 -0800,53.090825,25.323835
5.70301E+17,positive,1,,0.7033,2020,n.a.t.alia_v,0,üëèüëèüëèüëèüëè,2015-02-24 15:15:36 -0800,53.090825,25.323835
5.70301E+17,positive,0.6931,,1,2020,sasha_night110,0,üêàüòª,2015-02-24 14:14:45 -0800,53.68002,23.8272
5.70301E+17,positive,1,,0.6842,2020,ssaanneecchhkkaa,0,üòª,2015-02-24 13:14:33 -0800,53.68002,23.8272
5.70301E+17,positive,0.6745,,0,2020,sunvaleriiia ,0,üòª,2015-02-24 06:13:57 -0800,53.68002,23.8272
5.703E+17,positive,0.634,,,2020,polinaravinskaia,0,üòª,2015-02-24 07:12:29 -0800,53.68002,23.8272
5.703E+17,positive,0.6559,,,2020,group_8mktt,0,üòª,2015-02-24 08:11:19 -0800,53.68002,23.8272
5.70295E+17,positive,1,,,2020,tamaraadova,0,üòª,2015-02-24 09:53:27 -0800,53.68002,23.8272
5.70294E+17,positive,0.6769,,0,2020,___nrbnk,0,üòª,2015-02-24 11:48:24 -0800,53.68002,23.8272
5.7029E+17,positive,1,,,2020,elenalesko1802 ,0,üìöüßµüë±‚Äç‚ôÄÔ∏èüåàüå∫üß∂üåü,2015-02-24 10:30:40 -0800,53.68002,23.8272
5.7029E+17,positive,1,,,2020,l._.rysichka._.l,0,üòª,2015-02-24 03:30:06 -0800,53.89993,25.2962
5.70287E+17,positive,0.6451,,,2020,masqkv ,0,üòª,2015-02-24 02:21:28 -0800,53.89993,25.2962
5.70286E+17,positive,1,,,2020,snezhok0110 ,1,üòª,2015-02-24 01:15:29 -0800,53.89993,25.2962
5.70282E+17,positive,0.6842,,0.3684,2020,taniabeznosik57,0,üòª,2015-02-24 10:01:50 -0800,53.89993,25.2962
5.70287E+17,positive,1,,1,2021,margosha9010,0,"""üî•üî•üî• –ü–æ–∂–∞–ª—É–π, –ª—É—á—à–µ–µ –Ω–∞—á–∞–ª–æ —É—á–µ–±–Ω–æ–≥–æ –≥–æ–¥–∞ –¥–ª—è —É—á–∞—â–∏—Ö—Å—è –°–∫–∏–¥–µ–ª—å—Å–∫–æ–≥–æ –ª–∏—Ü–µ—èüî•üî•üî•""",2015-02-24 13:19:22 -0800,53.89993,25.2962
5.70287E+17,neutral,0.6931,,0.3626,2021,liliyakurilenok ,0,–¶–µ–Ω–∏—Ç–µ –∫–∞–∂–¥–æ–µ –º–≥–Ω–æ–≤–µ–Ω–∏–µ! –ë—É–¥–µ—Ç —á—Ç–æ –≤—Å–ø–æ–º–Ω–∏—Ç—å!!!,2015-02-24 12:18:07 -0800,53.89993,25.2962
5.70286E+17,positive,1,,0.3732,2021,nyu_tyk,0,–ù–∞ 3 —Ñ–æ—Ç–æ–≥—Ä–∞—Ñ–∏–∏ –æ—á–µ–Ω—å –∫—Ä–∞—Å–∏–≤—ã–µ –ø–∞—Ä–Ω–∏üòçüòçüòç,2015-02-24 11:16:16 -0800,53.89993,25.2962
5.70286E+17,neutral,0.6492,,0,2021,mk.qqq ,0,–∫–∞–∫ –∑–æ–≤—É—Ç –º–∞—Ä–∫–∞?üòç,2015-02-24 10:14:19 -0800,53.89993,25.2962
5.70286E+17,neutral,0.6776,,0,2021,mk.qqq,0,@mk.qqq¬†–º–æ–∂–Ω–æ –ø–æ–∑–Ω–∞–∫–æ–º–∏—Ç—å—Å—è?,2015-02-24 21:14:11 -0800,53.89993,25.2962
5.70286E+17,positive,1,,,2021,bezmen3,0,‚ù§Ô∏è‚ù§Ô∏è‚ù§Ô∏èüëèüëèüëè,2015-02-24 23:14:02 -0800,53.89993,25.2962
5.70285E+17,neutral,0.6523,,0,2021,alinval87,0,üëèüëèüëè‚ù§Ô∏è‚ù§Ô∏è‚ù§Ô∏èüòçüòçüòç,2015-02-24 22:12:21 -0800,53.89993,25.2962
5.70285E+17,neutral,1,,0.691,2021,mk.qqq,0,—á—Ç–æ –∑–∞ –∫—Ä–æ—à–∫–∏ –Ω–∞ 6–º —Ñ–æ—Ç–æ?,2015-02-24 01:11:38 -0800,53.89993,25.2962
5.70284E+17,neutral,0.663,,0,2021,tassyaa.a,0,@mk.qqq¬†—Ö–ª–µ–±–Ω—ã–µ —Å–∫–æ—Ä–µ–µ –≤—Å–µ–≥–æ,2015-02-24 02:09:10 -0800,53.89993,25.2962
5.70284E+17,negative,0.6793,,0,2021,gsakass,0,–º–µ–Ω—è —Ç–∞–∫ –º–Ω–æ–≥–æ –Ω–∞ —ç—Ç–æ–º –∞–∫–∫–∞—É–Ω—Ç–µ —á—Ç–æ –∞–∂ —Å—Ç—Ä–∞—à–Ω–æ —Å—Ç–∞–Ω–æ–≤–∏—Ç—Å—è,2015-02-24 03:06:47 -0800,53.89993,25.2962
5.70284E+17,neutral,1,,0.6806,2021,sexynastyyy,0,—è —Å–∞–º–∞—è –ª—É—á—à–∞—è,2015-02-24 04:06:13 -0800,52.05873,23.7139
5.70283E+17,neutral,1,,0.6716,2021,gsakass,0,@sexynastyyy¬†–∏ —è,2015-02-24 05:05:45 -0800,52.05873,23.7139
5.70282E+17,neutral,1,,0.7021,2021,sexynastyyy,0,@gsakass¬†–Ω–µ—Ç,2015-02-24 06:00:20 -0800,52.05873,23.7139
5.70282E+17,positive,0.6589,,,2021,shimanitsa.ilia,0,–ò —Å–Ω–æ–≤–∞ –∫—Ä–∞—à –≤ —Ñ–∏–æ–ª–µ—Ç–æ–≤–æ–π –∫–æ—Ñ—Ç–µ üî•üî•‚ù§Ô∏è‚ù§Ô∏è,2015-02-24 07:00:19 -0800,52.05873,23.7139
5.70281E+17,neutral,1,,0.6383,2021,mk.qqq,0,@shimanitsa.ilia¬†–±–µ–∂–µ–≤–∞—è –∫–æ—Ñ—Ç–∞ –ª—É—á—à–µ!!,2015-02-24 08:54:12 -0800,52.05873,23.7139
5.7028E+17,neutral,1,,,2021,tassyaa.a,0,@shimanitsa.ilia¬†–±–µ–∂–µ–≤–∞—è –∫—Ä—É—á–µ:/,2015-02-24 20:50:55 -0800,52.05873,23.7139
5.70278E+17,positive,1,,0.6516,2021,_volchkevich_m,0,–ò —Å–Ω–æ–≤–∞ –∫—Ä–∞—Å–∞–≤—á–∏–∫ –≤ —Ñ–∏–æ–ª–µ—Ç–æ–≤–æ–π –∫–æ—Ñ—Ç–µ üòç‚ù§Ô∏è,2015-02-24 18:44:10 -0800,52.05873,23.7139
5.70278E+17,negative,1,Late Flight,0.6542,2021,olegpilets,0,1000-7 ?,2015-02-24 19:42:45 -0800,52.05873,23.7139
5.70277E+17,neutral,0.6695,,0.3356,2021,_sheee.eeesh,0,–ö—Ä–∞—à –≤ —Ñ–∏–æ–ª–µ—Ç–æ–≤–æ–π –∫–æ—Ñ—Ç–µ!!üî•,2015-02-24 17:41:46 -0800,52.05873,23.7139
5.70277E+17,positive,1,,,2021,dazreexx,0,–ú–∞–ª—å—á–∏–∫ –≤ —Ñ–∏–æ–ª–µ—Ç–æ–≤–æ–º —Å–≤–∏—Ç—à–æ—Ç–µ –ø—Ä–æ—Å—Ç–æ –∫—Ä–∞—àüî•‚ù§Ô∏è,2015-02-24 16:39:15 -0800,52.05873,23.7139
5.70276E+17,positive,1,,0.6684,2021,__chillwind__,0,–î–µ–≤–æ—á–∫–∏ –∫—Ä–∞—Å–æ—Ç–∫–∏ üòç,2015-02-24 09:37:38 -0800,52.05873,23.7139
5.70276E+17,neutral,1,,1,2021,shimanitsa.ilia,0,–ö–∞–∫ –∑–æ–≤—É—Ç –∫—Ä–∞—Å–∞–≤—á–∏–∫–∞ –≤ —Å–≤–µ—Ç–ª–æ-–±–µ–∂–µ–≤–æ–π –∫–æ—Ñ—Ç–µ?üòç‚ù§Ô∏è‚ô•Ô∏èüòç,2015-02-24 15:36:12 -0800,52.05873,23.7139
5.70275E+17,positive,0.6791,Damaged Luggage,0.6791,2021,liliyakurilenok,0,"""–ö—Ä–∞—Å–æ—Ç–∞ –∫–∞–∫–∞—è! –ú–æ–ª–æ–¥—Ü—ã —Å–æ–∑–¥–∞—Ç–µ–ª–∏ —ç—Ç–æ–≥–æ —Ñ–∏–ª—å–º–∞. –û–±—å–µ–º–Ω–æ, –±—ã—Å—Ç—Ä–æ, –∫—Ä–∞—Å–æ—á–Ω–æ –æ –Ω–∞—à–µ–π –ì—Ä–æ–¥–Ω–µ–Ω—â–∏–Ω–µ!""",2015-02-24 14:34:00 -0800,52.0233,24.342715
5.70275E+17,positive,1,Lost Luggage,0.6563,2021,ggptk_,0,üëèüëèüëè,2015-02-24 09:32:46 -0800,52.0233,24.342715
5.70275E+17,positive,1,Lost Luggage,1,2021,piton__baton,0,—á—ë –∑–∞ –∫—Ä–∞—Å–∞–≤—á–∏–∫–∏ü•∂ü•∂,2015-02-24 13:32:43 -0800,52.0233,24.342715
5.70275E+17,positive,1,Customer Service Issue,0.3551,2021,hauptziel,1,–õ—É—á—à–∏–µ!!!üî•üî•üî•,2015-02-24 03:32:39 -0800,52.147724,25.512518
5.70273E+17,neutral,1,Customer Service Issue,1,2021,iuliiaporechenk,0,–†–∞–∑–º–µ—Å—Ç–∏—Ç–µ –Ω–∞ —Å–∞–π—Ç–µ –∫–æ–Ω–∫—É—Ä—Å—ã.com –±—É–¥–µ—Ç –±–æ–ª—å—à–µ —É—á–∞—Å—Ç–Ω–∏–∫–æ–≤,2015-02-24 02:24:12 -0800,52.147724,25.512518
5.70273E+17,positive,1,,1,2021,n.a.t.alia_v,0,üî•üî•üî•üî•üî•,2015-02-24 08:22:16 -0800,52.147724,25.512518
5.70272E+17,positive,1,,,2021,o.sapon_twins,0,üëè,2015-02-24 09:21:51 -0800,52.147724,25.512518
5.67749E+17,positive,1,,,2019,elenalesko1802,0,üî•üî•üî•,2015-02-17 10:15:33 -0800,52.147724,25.512518
5.67749E+17,positive,1,Customer Service Issue,1,2019,_v_e_r_a_78,0,üëèüëèüëè–í–ª–∞–¥–∏–∫-—Ä–∞–±–æ—Ç—è–≥–∞‚úä,2015-02-17 4:13:33 -0800,53.771395,26.19983
5.67748E+17,neutral,0.6534,,0,2019,elenalesko1802,0,–ö–∞–∫ –Ω–µ–æ–∂–∏–¥–∞–Ω–Ω–æ —É–≤–∏–¥–µ—Ç—å –ø—Ä–æ–≥—Ä–∞–º–º–∏—Å—Ç–æ–≤ –±–µ–∑ –∫–æ–º–ø—å—é—Ç–µ—Ä–æ–≤)))üî•,2015-02-17 3:12:23 -0800,53.771395,26.19983
5.67748E+17,positive,0.6606,,0,2019,karinavolotkevic4,0,–ö–∞–∫–∞—è –∫—Ä–∞—Å–æ—Ç—É–ª–µ—á–∫–∞ –≤ –≤—ã—à–∏–≤–∞–Ω–∫–µ,2015-02-17 2:12:04 -0800,53.771395,26.19983
5.67748E+17,positive,1,,1,2019,wherealtliza,0,üòçüî•,2015-02-17 1:11:35 -0800,53.771395,26.19983
5.67748E+17,positive,1,,1,2019,_s.u.r.p.r.i.s.e__,0,"""–ù—É –∫—Ä—É—Ç—ã–µ, –Ω—É –∫—Ä—É—Ç—ã–µ""",2015-02-17 10:11:24 -0800,53.771395,26.19983
5.67748E+17,positive,1,,1,2019,taniabeznosik57,0,üëèüëèüëè,2015-02-17 15:11:07 -0800,53.409532,24.54895
5.67748E+17,positive,1,,1,2019,_s.u.r.p.r.i.s.e__,0,"""–í–æ—Ç —ç—Ç–æ –¥–æ—Å—Ç–∏–∂–µ–Ω–∏–µ, –≤–æ—Ç —ç—Ç–æ –º–æ–ª–æ–¥—Ü—ã, –∞–π –¥–∞ —Ä–µ–±—è—Ç–∞.""",2015-02-17 14:09:55 -0800,53.409532,24.54895
5.67747E+17,positive,1,,,2019,tarm_hats,0,"""–û—Ç–ª–∏—á–Ω—ã–π –∫–∞–¥—Ä, —Å—É–ø–µ—Ä —Å—Ç—Ä–∞–Ω–∏—Ü–∞üíé —É—Å–ø–µ—Ö–æ–≤ –∏ –ø—Ä–æ—Ü–≤–µ—Ç–∞–Ω–∏—è –≤–∞–ºüçÄ""",2015-02-17 13:04:59 -0800,53.409532,24.54895
5.67746E+17,positive,0.6923,,0,2019,elenalesko1802,0,–£–º–Ω–∏—á–∫–∏ üëèüëèüëè–≥–æ—Ä–∂—É—Å—å ‚ù§Ô∏è‚ù§Ô∏è‚ù§Ô∏è,2015-02-17 12:02:12 -0800,53.409532,24.54895
5.67745E+17,positive,0.6632,,0.6632,2019,elenaprokhorova1323,0,–ö–ª–∞—Å—Å! –û—á–µ–Ω—å –∫—Ä–∞—Å–∏–≤–æ —Å–º–æ—Ç—Ä–∏—Ç—Å—è,2015-02-17 11:58:38 -0800,53.409532,24.54895
5.67745E+17,negative,1,Cancelled Flight,1,2019,ruslan.faleichik,0,"""–ú–Ω–µ –∫–∞–∂–µ—Ç—Å—è, –Ω–æ –Ω–∞ –º–∏—Ç–∏–Ω–≥–∞—Ö –∑–∞ –ø–æ–±–µ–¥—É –Ω–µ —Ö–æ–¥—è—Ç —Å —Ñ–ª–∞–∂–∫–∞–º–∏..""",2015-02-17 10:58:13 -0800,53.409532,24.54895
5.67745E+17,neutral,1,,,2019,elenalesko1802,0,–ù–∞—à–∞ –Ω–∞–¥–µ–∂–¥–∞ –Ω–∞ –Ω–æ–≤—ã–µ —Å—É–ø–µ—Ä-–∫–æ–ª–ª–µ–∫—Ü–∏–∏‚ù§Ô∏è‚ù§Ô∏è‚ù§Ô∏è,2015-02-17 09:57:21 -0800,53.409532,24.54895
5.67744E+17,positive,1,,,2019,irina.stepanchuk.81,1,"""‚ù§Ô∏èüëèüòç–ù–µ –∑–Ω–∞–ª–∞, —á—Ç–æ –º–æ–π —Å—ã–Ω —É–º–µ–µ—Ç —Ç–∞–Ω—Ü–µ–≤–∞—Ç—å –í–∞–ª—å—Å, —Å–ø–∞—Å–∏–±–æ –í–∞–º, –∫—É—Ä–∞—Ç–æ—Ä, –º—ã –≥–æ—Ä–¥–∏–º—Å—è –í–∞–º–∏!!!""",2015-02-17 15:55:44 -0800,53.148418,24.820862
5.67743E+17,positive,0.6775,,,2019,elenalesko1802,0,üëèüëèüëèüëèüëè,2015-02-17 14:50:56 -0800,53.148418,24.820862
5.67742E+17,positive,1,,,2019,vasilevskaianatalia4925,0,–ú–æ–ª–æ–¥—Ü—ã!!,2015-02-17 13:45:33 -0800,53.148418,24.820862
5.67742E+17,neutral,0.7067,,0,2019,christiefokina,0,"""–ú–æ–ª–æ–¥—Ü—ã, –∑–∞—Å—Ä–∞–Ω—Ü—ã""",2015-02-17 12:45:22 -0800,53.148418,24.820862
5.67741E+17,positive,1,,,2019,elenalesko1802,0,–ì–æ—Ä–∂—É—Å—å –Ω–∞—à–∏–º–∏ —É—á–∞—â–∏–º–∏—Å—èüëèüëèüëè,2015-02-17 11:43:45 -0800,53.148418,24.820862
5.67741E+17,positive,1,,,2019,elenalesko1802,0,–ê—Ä–∏–Ω–∞üî•üî•üî•,2015-02-17 10:43:34 -0800,53.148418,24.820862
5.6774E+17,positive,1,,,2019,alena.mazheika,0,–ú–æ–ª–æ–¥—Ü—ã üëèüëèüëè,2015-02-17 09:40:35 -0800,53.148418,24.820862
5.6774E+17,positive,1,,,2019,alena.mazheika,0,31—Ç–ø üî•üî•üî• - –∫–æ–ª–ª–µ–∫—Ç–∏–≤–Ω–∞—è —Ä–∞–±–æ—Ç–∞ –¥–∞—ë—Ç —Ö–æ—Ä–æ—à–∏–µ —Ä–µ–∑—É–ª—å—Ç–∞—Ç—ã üëç,2015-02-17 13:39:54 -0800,52.546296,24.988403
5.6774E+17,positive,0.6596,,0,2019,alinval87,0,üëè,2015-02-17 12:38:07 -0800,52.546296,24.988403
5.6774E+17,positive,1,,,2019,elenalesko1802,0,üëèüëèüëèüëèüëè,2015-02-17 11:38:07 -0800,52.546296,24.988403
5.6774E+17,negative,0.6736,Flight Booking Problems,0.3463,2019,koshlyaka_marina90,0,"""–í–æ—Ç –≤—Å—ë –∑–¥–µ—Å—å —Ö–æ—Ä–æ—à–æ, –∞ —Å—Ç—Ä–∞–¥–∞–µ—Ç –ø–æ—Å–µ—â–∞–µ–º–æ—Å—Ç—å""",2015-02-17 15:37:12 -0800,52.546296,24.988403
5.67739E+17,positive,0.7027,Can't Tell,0.7027,2019,margosha9010,0,–Æ–ª–µ—á–∫–∞ –≥–æ—Ä–¥–∏–º—Å—è —Ç–æ–±–æ–π!!! –î–µ—Ä–∑–∞–π —É —Ç–µ–±—è –≤—Å—ë –ø–æ–ª—É—á–∏—Ç—Å—è!!,2015-02-17 10:36:48 -0800,52.546296,24.988403
5.67739E+17,positive,1,,,2019,gabrielabozdemir,0,üëèüëèüëèüëèüëèüëèüëèüëèüëèüëèüëèüòçüòçüòçüòçüî•üî•üî•üî•,2015-02-17 20:36:42 -0800,52.546296,24.988403
5.67739E+17,positive,0.6527,,0,2019,olegpilets,0,üî•üëè,2015-02-17 09:33:59 -0800,52.546296,24.988403
5.67739E+17,positive,1,Cancelled Flight,1,2019,elenalesko1802,0,üî•üî•üî•üî•üî•,2015-02-17 01:33:52 -0800,53.13888,26.02288
5.67738E+17,positive,1,Customer Service Issue,1,2019,atianatsybo,0,üëèüëèüëè,2015-02-17 23:32:57 -0800,53.13888,26.02288
5.67738E+17,positive,1,Cancelled Flight,0.6836,2019,hauptziel,0,üî•,2015-02-17 09:32:31 -0800,53.13888,26.02288
5.67738E+17,positive,1,Customer Service Issue,0.346,2019,olganenartovich1,0,üëèüëèüëè,2015-02-17 08:31:38 -0800,53.13888,26.02288
5.67738E+17,positive,1,Customer Service Issue,1,2019,grodnenskii_oblastnoi_spts,0,üî•üëè,2015-02-17 10:31:17 -0800,53.13888,26.02288
5.67738E+17,positive,1,,,2019,o.sapon_twins,0,–°–ø–∞—Å–∏–±–æ ü§ó,2015-02-17 09:30:52 -0800,53.13888,26.02288
5.67738E+17,positive,0.6606,,,2019,osmolovskayatatiana_3607,0,–°–ø–∞—Å–∏–±–æ –±–æ–ª—å—à–æ–µ –∑–∞ –ø–æ–∑–¥—Ä–∞–≤–ª–µ–Ω–∏–µ!!!,2015-02-17 05:29:39 -0800,53.13888,26.02288
5.67738E+17,positive,0.6619,,0,2019,slizhevskaiai,0,üôåüëèüëèüëèüëèüëè,2015-02-17 04:29:32 -0800,53.03921,27.56792
5.67738E+17,positive,0.6838,,0,2019,karinavolotkevic4,0,"""–ö–∞–∫–∏–µ —á—É–¥–µ—Å–Ω—ã–µ –¥–µ—Ç–∏, —É –Ω–∏—Ö —Ç–æ—á–Ω–æ —Å—á–∞—Å—Ç–ª–∏–≤—ã–µ –º–∞–º—ã.""",2015-02-17 09:29:30 -0800,53.03921,27.56792
5.67738E+17,positive,0.6617,,,2019,svetlana.shoka,0,üëèüëèüëè,2015-02-17 03:29:15 -0800,53.03921,27.56792
5.67737E+17,positive,1,Can't Tell,0.6632,2019,svetlana.shoka,0,üëèüëèüëè,2015-02-17 02:28:50 -0800,53.03921,27.56792
5.67737E+17,positive,1,,,2019,_s.u.r.p.r.i.s.e__,0,"""–ì–æ—Ä–¥–∏–º—Å—èüî•üî•üî•–æ–≥–æ–Ω—å, –∫–ª–∞—Å—Å–Ω–æ""",2015-02-17 01:28:19 -0800,53.03921,27.56792
5.70309E+17,negative,0.6469,,,2020,_.boy_sunset._,0,"""–í—ã –ø—Ä–µ–¥—É–ø—Ä–µ–∂–¥–∞–π—Ç–µ –µ—Å–ª–∏ –≤—ã–∫–ª–∞–¥—ã–≤–∞—Ç—å –±—É–¥–µ—Ç–µ, –∞ —Ç–æ –∫–∞–∫ —Ç–æ –Ω–∞ —Ñ–æ—Ç–∫–µ –Ω–µ –æ—á–µ–Ω—å –ø–æ–ª—É—á–∏–ª—Å—è¬†""",2015-02-24 12:48:38 -0800,53.03921,27.56792
5.70309E+17,positive,0.6869,,,2020,yulyanochka_v,0,–ö—Ä—É—Ç–æ ! ,2015-02-24 11:48:29 -0800,53.03921,27.56792
5.70309E+17,positive,1,,,2020,svetlana.shoka,0,üòç,2015-02-24 23:45:20 -0800,52.79549,27.55441
5.70308E+17,positive,1,Flight Attendant Complaints,0.6522,2020,o.sapon_twins,0,‚ù§Ô∏è,2015-02-24 20:42:34 -0800,52.79549,27.55441
5.70305E+17,positive,1,Bad Flight,1,2020,helenamasko,0,üî•üëè,2015-02-24 18:32:49 -0800,52.79549,27.55441
5.70305E+17,positive,0.6472,,0,2020,svetlana.shoka,0,üëèüëèüëè,2015-02-24 19:31:45 -0800,52.79549,27.55441
5.70305E+17,positive,0.6939,,,2020,o.sapon_twins,0,üî•,2015-02-24 09:30:52 -0800,52.79549,27.55441
5.70304E+17,neutral,1,Flight Booking Problems,0.6921,2020,__d0d0_0,0,"""–ó–¥—Ä–∞–≤—Å—Ç–≤—É–π –Ω–µ–±–æ –≤ –æ–±–ª–∞–∫–∞—Ö""",2015-02-24 08:26:08 -0800,52.79549,27.55441
5.703E+17,neutral,1,Can't Tell,1,2020,__d0d0_0,0,"""@_ggsnekit.kon¬†–≤–æ—Ç –æ–Ω —è, –ø—Ä–∏–≤–µ—Ç –≤–æ–π—Å–∫–∞!""",2015-02-24 10:11:12 -0800,52.79549,27.55441
5.70297E+17,positive,0.6913,Flight Attendant Complaints,0.3499,2019,hauptziel,0,üî•,2015-02-24 11:01:10 -0800,52.79549,27.55441
5.70296E+17,positive,1,Flight Booking Problems,0.6631,2019,valentinalukoshko,0,üëèüëèüëè,2015-02-24 09:57:16 -0800,52.106505,26.125488
5.70296E+17,positive,1,,,2019,elenalesko1802,0,–°–∞–º—ã–µ –∞–∫—Ç–∏–≤–Ω—ã–µ –∏ —Ç—Ä—É–¥–æ–ª—é–±–∏–≤—ã–µ üòâ,2015-02-24 08:56:03 -0800,52.106505,26.125488
5.70295E+17,positive,1,Cancelled Flight,1,2019,o.sapon_twins,0,üëç,2015-02-24 19:52:27 -0800,52.106505,26.125488
5.70294E+17,positive,0.6994,,,2019,nadezhda_2212,0,–ú–æ–ª–æ–¥—Ü—ãüëçüëçüëç,2015-02-24 22:49:29 -0800,52.106505,26.125488
5.70294E+17,neutral,0.649,,0,2019,valentinalukoshko,0,üôå,2015-02-24 20:46:22 -0800,52.106505,26.125488
5.70294E+17,positive,1,,,2019,valentinalukoshko,0,"""–†–µ–±—è—Ç–∞, –∏—Å–∫—Ä–µ–Ω–Ω–µ –±–ª–∞–≥–æ–¥–∞—Ä—é üëè–≤—Å–µ—Ö –≤–∞—Å –∑–∞ —Ç–æ, —á—Ç–æ —Ç–∞–∫–∏–µ —É–º–Ω–∏—á–∫–∏ ‚ù§Ô∏è–µ—Å—Ç—å! –° –≤–∞–º–∏ –±—ã–ª–æ –ø—Ä–∏—è—Ç–Ω–æ –æ–±—â–∞—Ç—å—Å—è, –¥–µ–ª–∏—Ç—å—Å—è –æ–ø—ã—Ç–æ–º. –Ø –≤—Å–µ–º –∫–æ–ª–ª–µ–≥–∞–º –∏ –¥—Ä—É–∑—å—è–º –≥–æ–≤–æ—Ä—é, —á—Ç–æ –≥—Ä—É–ø–ø–∞ 30—Ç–ø –æ—Å–æ–±–µ–Ω–Ω–∞—è üî•- –≤—Å–µ –∏—Å–∫—Ä–µ–Ω–Ω–∏–µ, –¥–æ–±—Ä—ã–µ, —Ä–∞—Å—Å—É–¥–∏—Ç–µ–ª—å–Ω—ã–µ, —Å–º—ã—à–ª—ë–Ω—ã–µ, –ø–æ–Ω—è—Ç–ª–∏–≤—ã–µ, –Ω–∞—Ö–æ–¥—á–∏–≤—ã–µ, –¥–µ–ª–æ–≤—ã–µ, —Ü–µ–ª–µ—É—Å—Ç—Ä–µ–º–ª—ë–Ω–Ω—ã–µ, –±–ª–∞–≥–æ—Ä–∞–∑—É–º–Ω—ã–µ... –£–¥–∞—á–∏ –≤–∞–º!""",2015-02-24 19:46:21 -0800,52.106505,26.125488
5.70292E+17,positive,0.6634,Flight Booking Problems,0.6634,2019,elenalesko1802,0,"""–°–∞–º—ã–µ –ª—É—á—à–∏–µ, –∫—Ä–∞—Å–∏–≤—ã–µ –∏ —Ç–∞–ª–∞–Ω—Ç–ª–∏–≤—ã–µ –¥–µ—Ç–∏ü§óü§óü§ó–∏ —Ñ–æ—Ç–æ–≥—Ä–∞—Ñ—ãüôÇ–≤—Å–µ –º–æ–ª–æ–¥—Ü—ã""",2015-02-24 10:41:08 -0800,52.106505,26.125488
5.70292E+17,positive,1,Cancelled Flight,1,2019,kattiona1988,0,–ö–∞–∫–∏–µ –Ω–µ–∂–Ω—ã–µ –∏ —Ç—ë–ø–ª—ã–µ —Ñ–æ—Ç–æ–≥—Ä–∞—Ñ–∏–∏,2015-02-24 22:40:24 -0800,53.090825,25.323835
5.70292E+17,positive,0.6638,,,2019,strastnyy_roman,0,–ö–∞–∫ –∂–µ –ø—Ä–µ–∫—Ä–∞—Å–µ–Ω –ò–≤–∞–Ω!!,2015-02-24 21:39:27 -0800,53.090825,25.323835
5.70292E+17,positive,0.6364,,,2019,karinavolotkevic4,0,–ß—É–¥–µ—Å–Ω—ã–µ –ª–∏—Ü–∞ –¥–µ—Ç–µ–π –∏ –º–æ–ª–æ–¥–µ–∂–∏ –Ω–∞ —Ñ–æ—Ç–æ! –°–∞–º—ã–µ –ª—É—á—à–∏–µ,2015-02-24 20:39:02 -0800,53.090825,25.323835
5.70292E+17,neutral,1,,,2019,strastnyy_roman,0,–ü–∞—Ç—Ä–∏–æ—Ç–∏—á–Ω–æ,2015-02-24 18:38:59 -0800,53.090825,25.323835
5.70292E+17,neutral,1,Flight Booking Problems,0.6833,2019,voya_missh,0,–æ–≥–æ–Ω—å,2015-02-24 17:38:31 -0800,53.595994,25.823381
5.70291E+17,positive,1,Late Flight,0.6647,2019,elenalesko1802,0,üéâüéâüéâ–º–æ–ª–æ–¥—Ü—ã ü§óü§óü§ó,2015-02-24 19:37:37 -0800,53.595994,25.823381
5.70291E+17,positive,0.6266,,0,2019,inna_._denisovna,0,üëçüëçüëçüëç,2015-02-24 10:36:00 -0800,53.595994,25.823381
5.7029E+17,positive,1,Customer Service Issue,1,2019,valentinalukoshko,0,üëè,2015-02-24 14:30:07 -0800,53.595994,25.823381
5.7029E+17,negative,1,,,2019,marta.svirskaya,0,"""–ü—Ä–æ—Å—Ç–æ –Ω–µ–ø—Ä–∏–≥–æ–¥–Ω—ã —É—Å–ª–æ–≤–∏—è –¥–ª—è –ø—Ä–æ–∂–∏–≤–∞–Ω–∏—è —Å—Ç—É–¥–µ–Ω—Ç–æ–≤ –≤ –æ–±—â–µ–∂–∏—Ç–∏–∏ . –°–ª–æ–∂–Ω–æ –Ω–∞–∑–≤–∞—Ç—å —Ç—É –∫–æ–º–Ω–∞—Ç—É , –∞ –æ—Å–æ–±–µ–Ω–Ω–æ "" –¥—É—à–µ–≤—É—é"" –¥—É—à–µ–≤–æ–π –∫–æ–º–Ω–∞—Ç–æ–π . –°—Ç–µ–Ω—ã –ø—Ä–∞–∫—Ç–∏—á–µ—Å–∫–∏ –≤ —Ä–∞–∑—Ä—É—à–µ–Ω–æ–º —Å–æ—Å—Ç–æ—è–Ω–∏–∏ , —Ç—Ä–µ–±—É–µ—Ç—Å—è –¥–∞–∂–µ –Ω–µ –∫–æ—Å–º–µ—Ç–∏—á–µ—Å–∫–∏–π —Ä–µ–º–æ–Ω—Ç , –∞ –∫–∞–ø–∏—Ç–∞–ª—å–Ω—ã–π , —Ö–æ—Ä–æ—à–∏–π , –¥–æ–ª–≥–æ–≤—Ä–µ–º–µ–Ω–Ω—ã–π —Ä–µ–º–æ–Ω—Ç .  –ü—Ä–æ—Å—Ç–æ –∫—É–¥–∞ —Å–º–æ—Ç—Ä–∏—Ç —Ä—É–∫–æ–≤–æ–¥—Å—Ç–≤–æ , –∫–æ–≥–¥–∞ –ø—Ä–µ–¥–ª–∞–≥–∞–µ—Ç —Ç–∞–∫–∏–µ —É—Å–ª–æ–≤–∏—è —Å—Ç—É–¥–µ–Ω—Ç–∞–º !!!! –ù–µ–≥–∞—Ç–∏–≤–Ω—ã–µ —ç–º–æ—Ü–∏–∏ –æ—Å—Ç–∞–Ω—É—Ç—Å—è –µ—â—ë –Ω–∞ –¥–æ–ª–≥–æ""",2015-02-24 13:29:51 -0800,52.16021,26.10345
5.70289E+17,negative,0.6551,,,2019,o.d.a.fresh,0,"""–¢–∞–∫ —Ç–æ –±–æ–ª–µ–µ –º–µ–Ω–µ–µ , –Ω–æ —Ä–∞—Å–ø–∏—Å–∞–Ω–∏–µ —ç—Ç–æ –ø–æ–ª–Ω—ã–π ... –ö—Ä—á –µ—Å–ª–∏ –≤—ã —Ö–æ—Ç–∏—Ç–µ —É—á–∏—Ç—Å—è –≤ –¥–µ–Ω—å –ø–æ 10 —á–∞—Å–æ–≤ —Ç–æ –≤–∞–º —Å—é–¥–∞ ) –∏ –¥–µ—Å—è—Ç—å —ç—Ç–æ –Ω–µ –º–∞–∫—Å–∏–º—É–º)))))""",2015-02-24 12:27:00 -0800,52.16021,26.10345
5.70288E+17,negative,1,,,2019,skiliron,0,–£–∂–∞—Å–Ω—ã–µ —É—Å–ª–æ–≤–∏—è –æ–±—É—á–µ–Ω–∏—è,2015-02-24 11:23:22 -0800,52.16021,26.10345
5.70288E+17,negative,1,,,2019,ktk.rubio,0,"""–í—Å–µ–º –Ω–∞ —Ç–µ–±—è –ø–æ—Ñ–∏–≥. –í—ã—Å–æ–∫–æ–∏–µ—Ä–Ω—ã–µ –∏ —Ç–æ–∫—Å–∏—á–Ω—ã–µ –ø—Ä–µ–ø–æ–¥—ã.
–ï—Å–ª–∏ —Ö–æ—á–µ—à—å —Å—Ç—Ä–∞–¥–∞—Ç—å —Ç–µ–±–µ —Å—é–¥–∞.""",2015-02-24 10:22:38 -0800,52.16021,26.10345
5.67713E+17,negative,0.6716,Late Flight,0.6716,2021,sofa.samuseva,0,"""–†–∞—Å–ø–∏—Å–∞–Ω–∏–µ —Å–∞–º–æ–µ —á—Ç–æ –µ—Å—Ç—å —É–∂–∞—Å–Ω–æ–µ, –≤–æ 2 —à–≤–µ–π–Ω–æ–π –º–∞—Å—Ç–µ—Ä—Å–∫–æ–π –Ω–µ—Ç—É –∫–æ–Ω–¥–∏—Ü–∏–æ–Ω–µ—Ä–∞, —à–≤–µ–π–Ω—ã–µ –º–∞—à–∏–Ω—ã —Ç–∞–∫ —Å–µ–±–µ, –ø–∏—Ç–∞–Ω–∏–µ –Ω–æ—Ä–º(–ø—Ä–∞–≤–¥–∞ –∏–Ω–æ–≥–¥–∞ –≤–æ–ª–æ—Å—ã –ø–æ–¥–∞–ª–∏—Å—å),–∞ –µ—Å–ª–∏ –≤–∞–º —Å—Ç–∞–Ω–µ—Ç –ø–ª–æ—Ö–æ –≤–æ –≤—Ä–µ–º—è –ø–∞—Ä - —Å–∫–æ—Ä—É—é –≤–∞–º –Ω–µ –≤—ã–∑–æ–≤—É—Ç —Ç.–∫. –∫–æ–ª–ª–µ–¥–∂—É —ç—Ç–æ –Ω–µ –≤—ã–≥–æ–¥–Ω–æ,–µ—Å—Ç—å –¥–≤–∞ ""–∑–∞–º–µ—á–∞—Ç–µ–ª—å–Ω—ã—Ö"" –ø—Ä–µ–ø–æ–¥–∞–≤–∞—Ç–µ–ª—è –Ω–µ –¥–∞–π –±–æ–≥ –≤–∞–º –∫ –Ω–∏–º –ø–æ–ø–∞—Å—Ç—åüòÇ""",2015-02-17 07:50:06 -0800,52.16021,26.10345
5.6771E+17,negative,1,Customer Service Issue,0.6838,2021,FazEKlaN,0,"""–ü–æ—Å—Ç–∞–≤–∏–ª –±—ã 0, –Ω–æ –Ω–µ–ª—å–∑—è""",2015-02-17 08:40:44 -0800,53.146776,29.245616
5.67698E+17,negative,1,Customer Service Issue,0.6963,2021,Zakhar.Kutsko,0,"""–ï—Å–ª–∏ —Ö–æ—Ç–∏—Ç–µ —Å—Ç—Ä–∞–¥–∞—Ç—å, —Ç–æ –≤—Å–µ–≥–¥–∞ –æ—Ç–∫—Ä—ã—Ç–æ""",2015-02-17 07:52:12 -0800,53.146776,29.245616
5.67679E+17,negative,1,Customer Service Issue,0.7188,2021,KIRITOAD,0,"""–£–∂–∞—Å–Ω–æ–µ –º–µ—Å—Ç–æ""",2015-02-17 06:38:31 -0800,53.146776,29.245616
5.67671E+17,negative,1,Customer Service Issue,1,2021,SoftPrivate2019,0,–Ω–µ –ø–æ—Å—Ç—É–ø–∞–π—Ç–µ,2015-02-17 05:04:44 -0800,53.146776,29.245616
5.67643E+17,negative,1,,,2021,Lexa.Dubok,0,"–ù–µ –æ—á–µ–Ω—å.
–ù–µ –æ—á–µ–Ω—å.
–ù–µ –æ—á–µ–Ω—å.
–ù–µ –æ—á–µ–Ω—å.
–ù–µ –æ—á–µ–Ω—å.
",2015-02-17 03:14:32 -0800,53.146776,29.245616