"comment_id","year_sentiment","year_sentiment_confidence","negativereason","negativereason_confidence","year","name","comment_count","text","comment_created","latitude","longitude","publish_year","publish_count"
"570306133677761000","positive","1","","","2020","neson.anna","0","""–ü–æ–∑–¥—Ä–∞–≤–ª—è—é! –ß–µ–º–ø–∏–æ–Ω—ã, —É–¥–∞—á–∏ –≤–∞–ºüëç""","2015-02-24 11:35:52 -0800","53.68002","23.8272","2022","114"
"570301130888122000","positive","0.3486","","0","2020","neson.anna","0","‚ù§Ô∏è‚ù§Ô∏è‚ù§Ô∏è","2015-02-24 17:15:59 -0800","53.68002","23.8272","2021","285"
"570301083672814000","positive","0.6837","","","2020","n.a.t.alia_v","0","üî•üî•üî•üî•üî•","2015-02-24 16:15:48 -0800","53.68002","23.8272","2020","38"
"570301031407624000","positive","1","","0.7033","2020","n.a.t.alia_v","0","üëèüëèüëèüëèüëè","2015-02-24 15:15:36 -0800","53.68002","23.8272","2019","10"
"570300817074463000","positive","1","","1","2020","sasha_night110","0","üêàüòª","2015-02-24 14:14:45 -0800","53.68002","23.8272","",""
"570300767074181000","positive","1","","0.6842","2020","ssaanneecchhkkaa","0","üòª","2015-02-24 13:14:33 -0800","53.68002","23.8272","",""
"570300616901321000","positive","0.6745","","0","2020","sunvaleriiia ","0","üòª","2015-02-24 06:13:57 -0800","53.68002","23.8272","",""
"570300248553349000","positive","0.634","","","2020","polinaravinskaia","0","üòª","2015-02-24 07:12:29 -0800","53.68002","23.8272","",""
"570299953286943000","positive","0.6559","","","2020","group_8mktt","0","üòª","2015-02-24 08:11:19 -0800","53.68002","23.8272","",""
"570295459631264000","positive","1","","","2020","tamaraadova","0","üòª","2015-02-24 09:53:27 -0800","53.68002","23.8272","",""
"570294189143032000","positive","0.6769","","0","2020","___nrbnk","0","üòª","2015-02-24 11:48:24 -0800","53.68002","23.8272","",""
"570289724453216000","positive","1","","","2020","elenalesko1802 ","0","üìöüßµüë±‚Äç‚ôÄÔ∏èüåàüå∫üß∂üåü","2015-02-24 10:30:40 -0800","53.68002","23.8272","",""
"570289584061481000","positive","1","","","2020","l._.rysichka._.l","0","üòª","2015-02-24 03:30:06 -0800","53.89993","25.2962","",""
"570287408438121000","positive","0.6451","","","2020","masqkv ","0","üòª","2015-02-24 02:21:28 -0800","53.89993","25.2962","",""
"570285904809599000","positive","1","","","2020","snezhok0110 ","0","üòª","2015-02-24 01:15:29 -0800","53.89993","25.2962","",""
"570282469121008000","positive","0.6842","","0.3684","2020","taniabeznosik57","0","üòª","2015-02-24 10:01:50 -0800","53.89993","25.2962","",""
"570286882623369000","positive","1","","1","2021","margosha9010","0","""üî•üî•üî• –ü–æ–∂–∞–ª—É–π, –ª—É—á—à–µ–µ –Ω–∞—á–∞–ª–æ —É—á–µ–±–Ω–æ–≥–æ –≥–æ–¥–∞ –¥–ª—è —É—á–∞—â–∏—Ö—Å—è –°–∫–∏–¥–µ–ª—å—Å–∫–æ–≥–æ –ª–∏—Ü–µ—èüî•üî•üî•""","2015-02-24 13:19:22 -0800","53.89993","25.2962","",""
"570286565894828000","neutral","0.6931","","0.3626","2021","liliyakurilenok ","0","–¶–µ–Ω–∏—Ç–µ –∫–∞–∂–¥–æ–µ –º–≥–Ω–æ–≤–µ–Ω–∏–µ! –ë—É–¥–µ—Ç —á—Ç–æ –≤—Å–ø–æ–º–Ω–∏—Ç—å!!!","2015-02-24 12:18:07 -0800","53.89993","25.2962","",""
"570286100637467000","positive","1","","0.3732","2021","nyu_tyk","1","–ù–∞ 3 —Ñ–æ—Ç–æ–≥—Ä–∞—Ñ–∏–∏ –æ—á–µ–Ω—å –∫—Ä–∞—Å–∏–≤—ã–µ –ø–∞—Ä–Ω–∏üòçüòçüòç","2015-02-24 11:16:16 -0800","53.89993","25.2962","",""
"570285610176533000","neutral","0.6492","","0","2021","mk.qqq ","0","–∫–∞–∫ –∑–æ–≤—É—Ç –º–∞—Ä–∫–∞?üòç","2015-02-24 10:14:19 -0800","53.89993","25.2962","",""
"570285578563891000","neutral","0.6776","","0","2021","mk.qqq","0","@mk.qqq¬†–º–æ–∂–Ω–æ –ø–æ–∑–Ω–∞–∫–æ–º–∏—Ç—å—Å—è?","2015-02-24 21:14:11 -0800","53.89993","25.2962","",""
"570285537833169000","positive","1","","","2021","bezmen3","0","‚ù§Ô∏è‚ù§Ô∏è‚ù§Ô∏èüëèüëèüëè","2015-02-24 23:14:02 -0800","53.89993","25.2962","",""
"570285115655348000","neutral","0.6523","","0","2021","alinval87","0","üëèüëèüëè‚ù§Ô∏è‚ù§Ô∏è‚ù§Ô∏èüòçüòçüòç","2015-02-24 22:12:21 -0800","53.89993","25.2962","",""
"570284934771974000","neutral","1","","0.691","2021","mk.qqq","0","—á—Ç–æ –∑–∞ –∫—Ä–æ—à–∫–∏ –Ω–∞ 6–º —Ñ–æ—Ç–æ?","2015-02-24 01:11:38 -0800","53.89993","25.2962","",""
"570284312697766000","neutral","0.663","","0","2021","tassyaa.a","0","@mk.qqq¬†—Ö–ª–µ–±–Ω—ã–µ —Å–∫–æ—Ä–µ–µ –≤—Å–µ–≥–æ","2015-02-24 02:09:10 -0800","53.89993","25.2962","",""
"570283712409051000","negative","0.6793","","0","2021","gsakass","0","–º–µ–Ω—è —Ç–∞–∫ –º–Ω–æ–≥–æ –Ω–∞ —ç—Ç–æ–º –∞–∫–∫–∞—É–Ω—Ç–µ —á—Ç–æ –∞–∂ —Å—Ç—Ä–∞—à–Ω–æ —Å—Ç–∞–Ω–æ–≤–∏—Ç—Å—è","2015-02-24 03:06:47 -0800","53.89993","25.2962","",""
"570283571941925000","neutral","1","","0.6806","2021","sexynastyyy","0","—è —Å–∞–º–∞—è –ª—É—á—à–∞—è","2015-02-24 04:06:13 -0800","52.05873","23.7139","",""
"570283453750489000","neutral","1","","0.6716","2021","gsakass","0","@sexynastyyy¬†–∏ —è","2015-02-24 05:05:45 -0800","52.05873","23.7139","",""
"570282089863627000","neutral","1","","0.7021","2021","sexynastyyy","0","@gsakass¬†–Ω–µ—Ç","2015-02-24 06:00:20 -0800","52.05873","23.7139","",""
"570282087065919000","positive","0.6589","","","2021","shimanitsa.ilia","0","–ò —Å–Ω–æ–≤–∞ –∫—Ä–∞—à –≤ —Ñ–∏–æ–ª–µ—Ç–æ–≤–æ–π –∫–æ—Ñ—Ç–µ üî•üî•‚ù§Ô∏è‚ù§Ô∏è","2015-02-24 07:00:19 -0800","52.05873","23.7139","",""
"570280548922499000","neutral","1","","0.6383","2021","mk.qqq","0","@shimanitsa.ilia¬†–±–µ–∂–µ–≤–∞—è –∫–æ—Ñ—Ç–∞ –ª—É—á—à–µ!!","2015-02-24 08:54:12 -0800","52.05873","23.7139","",""
"570279720937529000","neutral","1","","","2021","tassyaa.a","0","@shimanitsa.ilia¬†–±–µ–∂–µ–≤–∞—è –∫—Ä—É—á–µ:/","2015-02-24 20:50:55 -0800","52.05873","23.7139","",""
"570278024303776000","positive","1","","0.6516","2021","_volchkevich_m","0","–ò —Å–Ω–æ–≤–∞ –∫—Ä–∞—Å–∞–≤—á–∏–∫ –≤ —Ñ–∏–æ–ª–µ—Ç–æ–≤–æ–π –∫–æ—Ñ—Ç–µ üòç‚ù§Ô∏è","2015-02-24 18:44:10 -0800","52.05873","23.7139","",""
"570277667519332000","negative","1","Late Flight","0.6542","2021","olegpilets","0","1000-7 ?","2015-02-24 19:42:45 -0800","52.05873","23.7139","",""
"570277418642121000","neutral","0.6695","","0.3356","2021","_sheee.eeesh","0","–ö—Ä–∞—à –≤ —Ñ–∏–æ–ª–µ—Ç–æ–≤–æ–π –∫–æ—Ñ—Ç–µ!!üî•","2015-02-24 17:41:46 -0800","52.05873","23.7139","",""
"570276787063816000","positive","1","","","2021","dazreexx","0","–ú–∞–ª—å—á–∏–∫ –≤ —Ñ–∏–æ–ª–µ—Ç–æ–≤–æ–º —Å–≤–∏—Ç—à–æ—Ç–µ –ø—Ä–æ—Å—Ç–æ –∫—Ä–∞—àüî•‚ù§Ô∏è","2015-02-24 16:39:15 -0800","52.05873","23.7139","",""
"570276377401827000","positive","1","","0.6684","2021","__chillwind__","0","–î–µ–≤–æ—á–∫–∏ –∫—Ä–∞—Å–æ—Ç–∫–∏ üòç","2015-02-24 09:37:38 -0800","52.05873","23.7139","",""
"570276018751017000","neutral","1","","1","2021","shimanitsa.ilia","0","–ö–∞–∫ –∑–æ–≤—É—Ç –∫—Ä–∞—Å–∞–≤—á–∏–∫–∞ –≤ —Å–≤–µ—Ç–ª–æ-–±–µ–∂–µ–≤–æ–π –∫–æ—Ñ—Ç–µ?üòç‚ù§Ô∏è‚ô•Ô∏èüòç","2015-02-24 15:36:12 -0800","52.05873","23.7139","",""
"570275462921851000","positive","0.6791","Damaged Luggage","0.6791","2021","liliyakurilenok","0","""–ö—Ä–∞—Å–æ—Ç–∞ –∫–∞–∫–∞—è! –ú–æ–ª–æ–¥—Ü—ã —Å–æ–∑–¥–∞—Ç–µ–ª–∏ —ç—Ç–æ–≥–æ —Ñ–∏–ª—å–º–∞. –û–±—å–µ–º–Ω–æ, –±—ã—Å—Ç—Ä–æ, –∫—Ä–∞—Å–æ—á–Ω–æ –æ –Ω–∞—à–µ–π –ì—Ä–æ–¥–Ω–µ–Ω—â–∏–Ω–µ!""","2015-02-24 14:34:00 -0800","52.0233","24.342715","",""
"570275153860387000","positive","1","Lost Luggage","0.6563","2021","ggptk_","0","üëèüëèüëè","2015-02-24 09:32:46 -0800","52.0233","24.342715","",""
"570275140157641000","positive","1","Lost Luggage","1","2021","piton__baton","0","—á—ë –∑–∞ –∫—Ä–∞—Å–∞–≤—á–∏–∫–∏ü•∂ü•∂","2015-02-24 13:32:43 -0800","52.0233","24.342715","",""
"570275123854488000","positive","1","Customer Service Issue","0.3551","2021","hauptziel","1","–õ—É—á—à–∏–µ!!!üî•üî•üî•","2015-02-24 03:32:39 -0800","52.147724","25.512518","",""
"570272997052805000","neutral","1","Customer Service Issue","1","2021","iuliiaporechenk","0","–†–∞–∑–º–µ—Å—Ç–∏—Ç–µ –Ω–∞ —Å–∞–π—Ç–µ –∫–æ–Ω–∫—É—Ä—Å—ã.com –±—É–¥–µ—Ç –±–æ–ª—å—à–µ —É—á–∞—Å—Ç–Ω–∏–∫–æ–≤","2015-02-24 02:24:12 -0800","52.147724","25.512518","",""
"570272511050383000","positive","1","","1","2021","n.a.t.alia_v","0","üî•üî•üî•üî•üî•","2015-02-24 08:22:16 -0800","52.147724","25.512518","",""
"570272406570443000","positive","1","","","2021","o.sapon_twins","0","üëè","2015-02-24 09:21:51 -0800","52.147724","25.512518","",""
"567749206236881000","positive","1","","","2019","elenalesko1802","0","üî•üî•üî•","2015-02-17 10:15:33 -0800","52.147724","25.512518","",""
"567748702781993000","positive","1","Customer Service Issue","1","2019","_v_e_r_a_78","0","üëèüëèüëè–í–ª–∞–¥–∏–∫-—Ä–∞–±–æ—Ç—è–≥–∞‚úä","2015-02-17 4:13:33 -0800","53.771395","26.19983","",""
"567748407070954000","neutral","0.6534","","0","2019","elenalesko1802","0","–ö–∞–∫ –Ω–µ–æ–∂–∏–¥–∞–Ω–Ω–æ —É–≤–∏–¥–µ—Ç—å –ø—Ä–æ–≥—Ä–∞–º–º–∏—Å—Ç–æ–≤ –±–µ–∑ –∫–æ–º–ø—å—é—Ç–µ—Ä–æ–≤)))üî•","2015-02-17 3:12:23 -0800","53.771395","26.19983","",""
"567748330734641000","positive","0.6606","","0","2019","karinavolotkevic4","0","–ö–∞–∫–∞—è –∫—Ä–∞—Å–æ—Ç—É–ª–µ—á–∫–∞ –≤ –≤—ã—à–∏–≤–∞–Ω–∫–µ","2015-02-17 2:12:04 -0800","53.771395","26.19983","",""
"567748208844366000","positive","1","","1","2019","wherealtliza","0","üòçüî•","2015-02-17 1:11:35 -0800","53.771395","26.19983","",""
"567748162178126000","positive","1","","1","2019","_s.u.r.p.r.i.s.e__","0","""–ù—É –∫—Ä—É—Ç—ã–µ, –Ω—É –∫—Ä—É—Ç—ã–µ""","2015-02-17 10:11:24 -0800","53.771395","26.19983","",""
"567748089805799000","positive","1","","1","2019","taniabeznosik57","0","üëèüëèüëè","2015-02-17 15:11:07 -0800","53.409532","24.54895","",""
"567747787807527000","positive","1","","1","2019","_s.u.r.p.r.i.s.e__","0","""–í–æ—Ç —ç—Ç–æ –¥–æ—Å—Ç–∏–∂–µ–Ω–∏–µ, –≤–æ—Ç —ç—Ç–æ –º–æ–ª–æ–¥—Ü—ã, –∞–π –¥–∞ —Ä–µ–±—è—Ç–∞.""","2015-02-17 14:09:55 -0800","53.409532","24.54895","",""
"567746544536146000","positive","1","","","2019","tarm_hats","0","""–û—Ç–ª–∏—á–Ω—ã–π –∫–∞–¥—Ä, —Å—É–ø–µ—Ä —Å—Ç—Ä–∞–Ω–∏—Ü–∞üíé —É—Å–ø–µ—Ö–æ–≤ –∏ –ø—Ä–æ—Ü–≤–µ—Ç–∞–Ω–∏—è –≤–∞–ºüçÄ""","2015-02-17 13:04:59 -0800","53.409532","24.54895","",""
"567745845781865000","positive","0.6923","","0","2019","elenalesko1802","0","–£–º–Ω–∏—á–∫–∏ üëèüëèüëè–≥–æ—Ä–∂—É—Å—å ‚ù§Ô∏è‚ù§Ô∏è‚ù§Ô∏è","2015-02-17 12:02:12 -0800","53.409532","24.54895","",""
"567744948934427000","positive","0.6632","","0.6632","2019","elenaprokhorova1323","0","–ö–ª–∞—Å—Å! –û—á–µ–Ω—å –∫—Ä–∞—Å–∏–≤–æ —Å–º–æ—Ç—Ä–∏—Ç—Å—è","2015-02-17 11:58:38 -0800","53.409532","24.54895","",""
"567744842935980000","negative","1","Cancelled Flight","1","2019","ruslan.faleichik","0","""–ú–Ω–µ –∫–∞–∂–µ—Ç—Å—è, –Ω–æ –Ω–∞ –º–∏—Ç–∏–Ω–≥–∞—Ö –∑–∞ –ø–æ–±–µ–¥—É –Ω–µ —Ö–æ–¥—è—Ç —Å —Ñ–ª–∞–∂–∫–∞–º–∏..""","2015-02-17 10:58:13 -0800","53.409532","24.54895","",""
"567744627143213000","neutral","1","","","2019","elenalesko1802","0","–ù–∞—à–∞ –Ω–∞–¥–µ–∂–¥–∞ –Ω–∞ –Ω–æ–≤—ã–µ —Å—É–ø–µ—Ä-–∫–æ–ª–ª–µ–∫—Ü–∏–∏‚ù§Ô∏è‚ù§Ô∏è‚ù§Ô∏è","2015-02-17 09:57:21 -0800","53.409532","24.54895","",""
"567744219281130000","positive","1","","","2019","irina.stepanchuk.81","1","""‚ù§Ô∏èüëèüòç–ù–µ –∑–Ω–∞–ª–∞, —á—Ç–æ –º–æ–π —Å—ã–Ω —É–º–µ–µ—Ç —Ç–∞–Ω—Ü–µ–≤–∞—Ç—å –í–∞–ª—å—Å, —Å–ø–∞—Å–∏–±–æ –í–∞–º, –∫—É—Ä–∞—Ç–æ—Ä, –º—ã –≥–æ—Ä–¥–∏–º—Å—è –í–∞–º–∏!!!""","2015-02-17 15:55:44 -0800","53.148418","24.820862","",""
"567743010322936000","positive","0.6775","","","2019","elenalesko1802","0","üëèüëèüëèüëèüëè","2015-02-17 14:50:56 -0800","53.148418","24.820862","",""
"567741655587906000","positive","1","","","2019","vasilevskaianatalia4925","0","–ú–æ–ª–æ–¥—Ü—ã!!","2015-02-17 13:45:33 -0800","53.148418","24.820862","",""
"567741610373685000","neutral","0.7067","","0","2019","christiefokina","0","""–ú–æ–ª–æ–¥—Ü—ã, –∑–∞—Å—Ä–∞–Ω—Ü—ã""","2015-02-17 12:45:22 -0800","53.148418","24.820862","",""
"567741202884076000","positive","1","","","2019","elenalesko1802","0","–ì–æ—Ä–∂—É—Å—å –Ω–∞—à–∏–º–∏ —É—á–∞—â–∏–º–∏—Å—èüëèüëèüëè","2015-02-17 11:43:45 -0800","53.148418","24.820862","",""
"567741157070086000","positive","1","","","2019","elenalesko1802","0","–ê—Ä–∏–Ω–∞üî•üî•üî•","2015-02-17 10:43:34 -0800","53.148418","24.820862","",""
"567740403755909000","positive","1","","","2019","alena.mazheika","0","–ú–æ–ª–æ–¥—Ü—ã üëèüëèüëè","2015-02-17 09:40:35 -0800","53.148418","24.820862","",""
"567740235061014000","positive","1","","","2019","alena.mazheika","0","31—Ç–ø üî•üî•üî• - –∫–æ–ª–ª–µ–∫—Ç–∏–≤–Ω–∞—è —Ä–∞–±–æ—Ç–∞ –¥–∞—ë—Ç —Ö–æ—Ä–æ—à–∏–µ —Ä–µ–∑—É–ª—å—Ç–∞—Ç—ã üëç","2015-02-17 13:39:54 -0800","52.546296","24.988403","",""
"567739785981493000","positive","0.6596","","0","2019","alinval87","0","üëè","2015-02-17 12:38:07 -0800","52.546296","24.988403","",""
"567739785406874000","positive","1","","","2019","elenalesko1802","0","üëèüëèüëèüëèüëè","2015-02-17 11:38:07 -0800","52.546296","24.988403","",""
"567739553251725000","negative","0.6736","Flight Booking Problems","0.3463","2019","koshlyaka_marina90","0","""–í–æ—Ç –≤—Å—ë –∑–¥–µ—Å—å —Ö–æ—Ä–æ—à–æ, –∞ —Å—Ç—Ä–∞–¥–∞–µ—Ç –ø–æ—Å–µ—â–∞–µ–º–æ—Å—Ç—å""","2015-02-17 15:37:12 -0800","52.546296","24.988403","",""
"567739453884465000","positive","0.7027","Can't Tell","0.7027","2019","margosha9010","0","–Æ–ª–µ—á–∫–∞ –≥–æ—Ä–¥–∏–º—Å—è —Ç–æ–±–æ–π!!! –î–µ—Ä–∑–∞–π —É —Ç–µ–±—è –≤—Å—ë –ø–æ–ª—É—á–∏—Ç—Å—è!!","2015-02-17 10:36:48 -0800","52.546296","24.988403","",""
"567739426499862000","positive","1","","","2019","gabrielabozdemir","0","üëèüëèüëèüëèüëèüëèüëèüëèüëèüëèüëèüòçüòçüòçüòçüî•üî•üî•üî•","2015-02-17 20:36:42 -0800","52.546296","24.988403","",""
"567738743491412000","positive","0.6527","","0","2019","olegpilets","0","üî•üëè","2015-02-17 09:33:59 -0800","52.546296","24.988403","",""
"567738715657609000","positive","1","Cancelled Flight","1","2019","elenalesko1802","0","üî•üî•üî•üî•üî•","2015-02-17 01:33:52 -0800","53.13888","26.02288","",""
"567738484082115000","positive","1","Customer Service Issue","1","2019","atianatsybo","0","üëèüëèüëè","2015-02-17 23:32:57 -0800","53.13888","26.02288","",""
"567738375755416000","positive","1","Cancelled Flight","0.6836","2019","hauptziel","0","üî•","2015-02-17 09:32:31 -0800","53.13888","26.02288","",""
"567738154128769000","positive","1","Customer Service Issue","0.346","2019","olganenartovich1","0","üëèüëèüëè","2015-02-17 08:31:38 -0800","53.13888","26.02288","",""
"567738065595019000","positive","1","Customer Service Issue","1","2019","grodnenskii_oblastnoi_spts","0","üî•üëè","2015-02-17 10:31:17 -0800","53.13888","26.02288","",""
"567737962541375000","positive","1","","","2019","o.sapon_twins","0","–°–ø–∞—Å–∏–±–æ ü§ó","2015-02-17 09:30:52 -0800","53.13888","26.02288","",""
"567737653118779000","positive","0.6606","","","2019","osmolovskayatatiana_3607","0","–°–ø–∞—Å–∏–±–æ –±–æ–ª—å—à–æ–µ –∑–∞ –ø–æ–∑–¥—Ä–∞–≤–ª–µ–Ω–∏–µ!!!","2015-02-17 05:29:39 -0800","53.13888","26.02288","",""
"567737625637687000","positive","0.6619","","0","2019","slizhevskaiai","0","üôåüëèüëèüëèüëèüëè","2015-02-17 04:29:32 -0800","53.03921","27.56792","",""
"567737617031381000","positive","0.6838","","0","2019","karinavolotkevic4","0","""–ö–∞–∫–∏–µ —á—É–¥–µ—Å–Ω—ã–µ –¥–µ—Ç–∏, —É –Ω–∏—Ö —Ç–æ—á–Ω–æ —Å—á–∞—Å—Ç–ª–∏–≤—ã–µ –º–∞–º—ã.""","2015-02-17 09:29:30 -0800","53.03921","27.56792","",""
"567737554087059000","positive","0.6617","","","2019","svetlana.shoka","0","üëèüëèüëè","2015-02-17 03:29:15 -0800","53.03921","27.56792","",""
"567737449938686000","positive","1","Can't Tell","0.6632","2019","svetlana.shoka","0","üëèüëèüëè","2015-02-17 02:28:50 -0800","53.03921","27.56792","",""
"567737317432259000","positive","1","","","2019","_s.u.r.p.r.i.s.e__","0","""–ì–æ—Ä–¥–∏–º—Å—èüî•üî•üî•–æ–≥–æ–Ω—å, –∫–ª–∞—Å—Å–Ω–æ""","2015-02-17 01:28:19 -0800","53.03921","27.56792","",""
"570309345281487000","negative","0.6469","","","2020","_.boy_sunset._","0","""–í—ã –ø—Ä–µ–¥—É–ø—Ä–µ–∂–¥–∞–π—Ç–µ –µ—Å–ª–∏ –≤—ã–∫–ª–∞–¥—ã–≤–∞—Ç—å –±—É–¥–µ—Ç–µ, –∞ —Ç–æ –∫–∞–∫ —Ç–æ –Ω–∞ —Ñ–æ—Ç–∫–µ –Ω–µ –æ—á–µ–Ω—å –ø–æ–ª—É—á–∏–ª—Å—è¬†""","2015-02-24 12:48:38 -0800","53.03921","27.56792","",""
"570309308937843000","positive","0.6869","","","2020","yulyanochka_v","0","–ö—Ä—É—Ç–æ ! ","2015-02-24 11:48:29 -0800","53.03921","27.56792","",""
"570308513181905000","positive","1","","","2020","svetlana.shoka","0","üòç","2015-02-24 23:45:20 -0800","52.79549","27.55441","",""
"570307820962374000","positive","1","Flight Attendant Complaints","0.6522","2020","o.sapon_twins","0","‚ù§Ô∏è","2015-02-24 20:42:34 -0800","52.79549","27.55441","",""
"570305363859407000","positive","1","Bad Flight","1","2020","helenamasko","0","üî•üëè","2015-02-24 18:32:49 -0800","52.79549","27.55441","",""
"570305098557092000","positive","0.6472","","0","2020","svetlana.shoka","0","üëèüëèüëè","2015-02-24 19:31:45 -0800","52.79549","27.55441","",""
"570304873620746000","positive","0.6939","","","2020","o.sapon_twins","0","üî•","2015-02-24 09:30:52 -0800","52.79549","27.55441","",""
"570303683872887000","neutral","1","Flight Booking Problems","0.6921","2020","__d0d0_0","0","""–ó–¥—Ä–∞–≤—Å—Ç–≤—É–π –Ω–µ–±–æ –≤ –æ–±–ª–∞–∫–∞—Ö""","2015-02-24 08:26:08 -0800","52.79549","27.55441","",""
"570299924555956000","neutral","1","Can't Tell","1","2020","__d0d0_0","0","""@_ggsnekit.kon¬†–≤–æ—Ç –æ–Ω —è, –ø—Ä–∏–≤–µ—Ç –≤–æ–π—Å–∫–∞!""","2015-02-24 10:11:12 -0800","52.79549","27.55441","",""
"570297402281894000","positive","0.6913","Flight Attendant Complaints","0.3499","2019","hauptziel","0","üî•","2015-02-24 11:01:10 -0800","52.79549","27.55441","",""
"570296417094373000","positive","1","Flight Booking Problems","0.6631","2019","valentinalukoshko","0","üëèüëèüëè","2015-02-24 09:57:16 -0800","52.106505","26.125488","",""
"570296110633382000","positive","1","","","2019","elenalesko1802","0","–°–∞–º—ã–µ –∞–∫—Ç–∏–≤–Ω—ã–µ –∏ —Ç—Ä—É–¥–æ–ª—é–±–∏–≤—ã–µ üòâ","2015-02-24 08:56:03 -0800","52.106505","26.125488","",""
"570295207763317000","positive","1","Cancelled Flight","1","2019","o.sapon_twins","0","üëç","2015-02-24 19:52:27 -0800","52.106505","26.125488","",""
"570294460476760000","positive","0.6994","","","2019","nadezhda_2212","0","–ú–æ–ª–æ–¥—Ü—ãüëçüëçüëç","2015-02-24 22:49:29 -0800","52.106505","26.125488","",""
"570293674472559000","neutral","0.649","","0","2019","valentinalukoshko","0","üôå","2015-02-24 20:46:22 -0800","52.106505","26.125488","",""
"570293669628158000","positive","1","","","2019","valentinalukoshko","0","""–†–µ–±—è—Ç–∞, –∏—Å–∫—Ä–µ–Ω–Ω–µ –±–ª–∞–≥–æ–¥–∞—Ä—é üëè–≤—Å–µ—Ö –≤–∞—Å –∑–∞ —Ç–æ, —á—Ç–æ —Ç–∞–∫–∏–µ —É–º–Ω–∏—á–∫–∏ ‚ù§Ô∏è–µ—Å—Ç—å! –° –≤–∞–º–∏ –±—ã–ª–æ –ø—Ä–∏—è—Ç–Ω–æ –æ–±—â–∞—Ç—å—Å—è, –¥–µ–ª–∏—Ç—å—Å—è –æ–ø—ã—Ç–æ–º. –Ø –≤—Å–µ–º –∫–æ–ª–ª–µ–≥–∞–º –∏ –¥—Ä—É–∑—å—è–º –≥–æ–≤–æ—Ä—é, —á—Ç–æ –≥—Ä—É–ø–ø–∞ 30—Ç–ø –æ—Å–æ–±–µ–Ω–Ω–∞—è üî•- –≤—Å–µ –∏—Å–∫—Ä–µ–Ω–Ω–∏–µ, –¥–æ–±—Ä—ã–µ, —Ä–∞—Å—Å—É–¥–∏—Ç–µ–ª—å–Ω—ã–µ, —Å–º—ã—à–ª—ë–Ω—ã–µ, –ø–æ–Ω—è—Ç–ª–∏–≤—ã–µ, –Ω–∞—Ö–æ–¥—á–∏–≤—ã–µ, –¥–µ–ª–æ–≤—ã–µ, —Ü–µ–ª–µ—É—Å—Ç—Ä–µ–º–ª—ë–Ω–Ω—ã–µ, –±–ª–∞–≥–æ—Ä–∞–∑—É–º–Ω—ã–µ... –£–¥–∞—á–∏ –≤–∞–º!""","2015-02-24 19:46:21 -0800","52.106505","26.125488","",""
"570292360749453000","positive","0.6634","Flight Booking Problems","0.6634","2019","elenalesko1802","0","""–°–∞–º—ã–µ –ª—É—á—à–∏–µ, –∫—Ä–∞—Å–∏–≤—ã–µ –∏ —Ç–∞–ª–∞–Ω—Ç–ª–∏–≤—ã–µ –¥–µ—Ç–∏ü§óü§óü§ó–∏ —Ñ–æ—Ç–æ–≥—Ä–∞—Ñ—ãüôÇ–≤—Å–µ –º–æ–ª–æ–¥—Ü—ã""","2015-02-24 10:41:08 -0800","52.106505","26.125488","",""
"570292174044201000","positive","1","Cancelled Flight","1","2019","kattiona1988","0","–ö–∞–∫–∏–µ –Ω–µ–∂–Ω—ã–µ –∏ —Ç—ë–ø–ª—ã–µ —Ñ–æ—Ç–æ–≥—Ä–∞—Ñ–∏–∏","2015-02-24 22:40:24 -0800","53.090825","25.323835","",""
"570291934306169000","positive","0.6638","","","2019","strastnyy_roman","0","–ö–∞–∫ –∂–µ –ø—Ä–µ–∫—Ä–∞—Å–µ–Ω –ò–≤–∞–Ω!!","2015-02-24 21:39:27 -0800","53.090825","25.323835","",""
"570291828349669000","positive","0.6364","","","2019","karinavolotkevic4","0","–ß—É–¥–µ—Å–Ω—ã–µ –ª–∏—Ü–∞ –¥–µ—Ç–µ–π –∏ –º–æ–ª–æ–¥–µ–∂–∏ –Ω–∞ —Ñ–æ—Ç–æ! –°–∞–º—ã–µ –ª—É—á—à–∏–µ","2015-02-24 20:39:02 -0800","53.090825","25.323835","",""
"570291817087930000","neutral","1","","","2019","strastnyy_roman","0","–ü–∞—Ç—Ä–∏–æ—Ç–∏—á–Ω–æ","2015-02-24 18:38:59 -0800","53.090825","25.323835","",""
"570291699731308000","neutral","1","Flight Booking Problems","0.6833","2019","voya_missh","0","–æ–≥–æ–Ω—å","2015-02-24 17:38:31 -0800","53.595994","25.823381","",""
"570291473528320000","positive","1","Late Flight","0.6647","2019","elenalesko1802","0","üéâüéâüéâ–º–æ–ª–æ–¥—Ü—ã ü§óü§óü§ó","2015-02-24 19:37:37 -0800","53.595994","25.823381","",""
"570291066466898000","positive","0.6266","","0","2019","inna_._denisovna","0","üëçüëçüëçüëç","2015-02-24 10:36:00 -0800","53.595994","25.823381","",""
"570289587794407000","positive","1","Customer Service Issue","1","2019","valentinalukoshko","0","üëè","2015-02-24 14:30:07 -0800","53.595994","25.823381","",""
"570289518194127000","negative","1","","","2019","marta.svirskaya","0","""–ü—Ä–æ—Å—Ç–æ –Ω–µ–ø—Ä–∏–≥–æ–¥–Ω—ã —É—Å–ª–æ–≤–∏—è –¥–ª—è –ø—Ä–æ–∂–∏–≤–∞–Ω–∏—è —Å—Ç—É–¥–µ–Ω—Ç–æ–≤ –≤ –æ–±—â–µ–∂–∏—Ç–∏–∏ . –°–ª–æ–∂–Ω–æ –Ω–∞–∑–≤–∞—Ç—å —Ç—É –∫–æ–º–Ω–∞—Ç—É , –∞ –æ—Å–æ–±–µ–Ω–Ω–æ "" –¥—É—à–µ–≤—É—é"" –¥—É—à–µ–≤–æ–π –∫–æ–º–Ω–∞—Ç–æ–π . –°—Ç–µ–Ω—ã –ø—Ä–∞–∫—Ç–∏—á–µ—Å–∫–∏ –≤ —Ä–∞–∑—Ä—É—à–µ–Ω–æ–º —Å–æ—Å—Ç–æ—è–Ω–∏–∏ , —Ç—Ä–µ–±—É–µ—Ç—Å—è –¥–∞–∂–µ –Ω–µ –∫–æ—Å–º–µ—Ç–∏—á–µ—Å–∫–∏–π —Ä–µ–º–æ–Ω—Ç , –∞ –∫–∞–ø–∏—Ç–∞–ª—å–Ω—ã–π , —Ö–æ—Ä–æ—à–∏–π , –¥–æ–ª–≥–æ–≤—Ä–µ–º–µ–Ω–Ω—ã–π —Ä–µ–º–æ–Ω—Ç .  –ü—Ä–æ—Å—Ç–æ –∫—É–¥–∞ —Å–º–æ—Ç—Ä–∏—Ç —Ä—É–∫–æ–≤–æ–¥—Å—Ç–≤–æ , –∫–æ–≥–¥–∞ –ø—Ä–µ–¥–ª–∞–≥–∞–µ—Ç —Ç–∞–∫–∏–µ —É—Å–ª–æ–≤–∏—è —Å—Ç—É–¥–µ–Ω—Ç–∞–º !!!! –ù–µ–≥–∞—Ç–∏–≤–Ω—ã–µ —ç–º–æ—Ü–∏–∏ –æ—Å—Ç–∞–Ω—É—Ç—Å—è –µ—â—ë –Ω–∞ –¥–æ–ª–≥–æ""","2015-02-24 13:29:51 -0800","52.16021","26.10345","",""
"570288803849638000","negative","0.6551","","","2019","o.d.a.fresh","0","""–¢–∞–∫ —Ç–æ –±–æ–ª–µ–µ –º–µ–Ω–µ–µ , –Ω–æ —Ä–∞—Å–ø–∏—Å–∞–Ω–∏–µ —ç—Ç–æ –ø–æ–ª–Ω—ã–π ... –ö—Ä—á –µ—Å–ª–∏ –≤—ã —Ö–æ—Ç–∏—Ç–µ —É—á–∏—Ç—Å—è –≤ –¥–µ–Ω—å –ø–æ 10 —á–∞—Å–æ–≤ —Ç–æ –≤–∞–º —Å—é–¥–∞ ) –∏ –¥–µ—Å—è—Ç—å —ç—Ç–æ –Ω–µ –º–∞–∫—Å–∏–º—É–º)))))""","2015-02-24 12:27:00 -0800","52.16021","26.10345","",""
"570287886135919000","negative","1","","","2019","skiliron","0","–£–∂–∞—Å–Ω—ã–µ —É—Å–ª–æ–≤–∏—è –æ–±—É—á–µ–Ω–∏—è","2015-02-24 11:23:22 -0800","52.16021","26.10345","",""
"570287704728085000","negative","1","","","2019","ktk.rubio","0","""–í—Å–µ–º –Ω–∞ —Ç–µ–±—è –ø–æ—Ñ–∏–≥. –í—ã—Å–æ–∫–æ–∏–µ—Ä–Ω—ã–µ –∏ —Ç–æ–∫—Å–∏—á–Ω—ã–µ –ø—Ä–µ–ø–æ–¥—ã.
–ï—Å–ª–∏ —Ö–æ—á–µ—à—å —Å—Ç—Ä–∞–¥–∞—Ç—å —Ç–µ–±–µ —Å—é–¥–∞.""","2015-02-24 10:22:38 -0800","52.16021","26.10345","",""
"567712600772051000","negative","0.6716","Late Flight","0.6716","2021","sofa.samuseva","0","""–†–∞—Å–ø–∏—Å–∞–Ω–∏–µ —Å–∞–º–æ–µ —á—Ç–æ –µ—Å—Ç—å —É–∂–∞—Å–Ω–æ–µ, –≤–æ 2 —à–≤–µ–π–Ω–æ–π –º–∞—Å—Ç–µ—Ä—Å–∫–æ–π –Ω–µ—Ç—É –∫–æ–Ω–¥–∏—Ü–∏–æ–Ω–µ—Ä–∞, —à–≤–µ–π–Ω—ã–µ –º–∞—à–∏–Ω—ã —Ç–∞–∫ —Å–µ–±–µ, –ø–∏—Ç–∞–Ω–∏–µ –Ω–æ—Ä–º(–ø—Ä–∞–≤–¥–∞ –∏–Ω–æ–≥–¥–∞ –≤–æ–ª–æ—Å—ã –ø–æ–¥–∞–ª–∏—Å—å),–∞ –µ—Å–ª–∏ –≤–∞–º —Å—Ç–∞–Ω–µ—Ç –ø–ª–æ—Ö–æ –≤–æ –≤—Ä–µ–º—è –ø–∞—Ä - —Å–∫–æ—Ä—É—é –≤–∞–º –Ω–µ –≤—ã–∑–æ–≤—É—Ç —Ç.–∫. –∫–æ–ª–ª–µ–¥–∂—É —ç—Ç–æ –Ω–µ –≤—ã–≥–æ–¥–Ω–æ,–µ—Å—Ç—å –¥–≤–∞ ""–∑–∞–º–µ—á–∞—Ç–µ–ª—å–Ω—ã—Ö"" –ø—Ä–µ–ø–æ–¥–∞–≤–∞—Ç–µ–ª—è –Ω–µ –¥–∞–π –±–æ–≥ –≤–∞–º –∫ –Ω–∏–º –ø–æ–ø–∞—Å—Ç—åüòÇ""","2015-02-17 07:50:06 -0800","52.16021","26.10345","",""
"567710245053407000","negative","1","Customer Service Issue","0.6838","2021","FazEKlaN","0","""–ü–æ—Å—Ç–∞–≤–∏–ª –±—ã 0, –Ω–æ –Ω–µ–ª—å–∑—è""","2015-02-17 08:40:44 -0800","53.146776","29.245616","",""
"567698031081161000","negative","1","Customer Service Issue","0.6963","2021","Zakhar.Kutsko","0","""–ï—Å–ª–∏ —Ö–æ—Ç–∏—Ç–µ —Å—Ç—Ä–∞–¥–∞—Ç—å, —Ç–æ –≤—Å–µ–≥–¥–∞ –æ—Ç–∫—Ä—ã—Ç–æ""","2015-02-17 07:52:12 -0800","53.146776","29.245616","",""
"567679487383700000","negative","1","Customer Service Issue","0.7188","2021","KIRITOAD","0","""–£–∂–∞—Å–Ω–æ–µ –º–µ—Å—Ç–æ""","2015-02-17 06:38:31 -0800","53.146776","29.245616","",""
"567670985403286000","negative","1","Customer Service Issue","1","2021","SoftPrivate2019","0","–Ω–µ –ø–æ—Å—Ç—É–ø–∞–π—Ç–µ","2015-02-17 05:04:44 -0800","53.146776","29.245616","",""
"567643252753695000","negative","1","","","2021","Lexa.Dubok","0","–ù–µ –æ—á–µ–Ω—å.
–ù–µ –æ—á–µ–Ω—å.
–ù–µ –æ—á–µ–Ω—å.
–ù–µ –æ—á–µ–Ω—å.
–ù–µ –æ—á–µ–Ω—å.
","2015-02-17 03:14:32 -0800","53.146776","29.245616","",""